anho,NY.ADJ.NNTY.KD.ZG,NY.ADJ.NNTY.KD,NY.ADJ.NNTY.CD,NY.ADJ.NNTY.PC.KD.ZG,NY.ADJ.NNTY.PC.KD,NY.ADJ.NNTY.PC.CD,NY.ADJ.SVNX.GN.ZS,NY.ADJ.SVNX.CD,NY.ADJ.SVNG.GN.ZS,NY.ADJ.SVNG.CD,NY.ADJ.DCO2.GN.ZS,NY.ADJ.DCO2.CD,NY.ADJ.DKAP.GN.ZS,NY.ADJ.DKAP.CD,NY.ADJ.AEDU.GN.ZS,NY.ADJ.AEDU.CD,NY.ADJ.DNGY.GN.ZS,NY.ADJ.DNGY.CD,NY.ADJ.ICTR.GN.ZS,NY.ADJ.DMIN.GN.ZS,NY.ADJ.DMIN.CD,NY.ADJ.DRES.GN.ZS,NY.ADJ.DFOR.GN.ZS,NY.ADJ.DFOR.CD,NY.ADJ.NNAT.GN.ZS,NY.ADJ.NNAT.CD,NY.ADJ.DPEM.GN.ZS,NY.ADJ.DPEM.CD,NV.AGR.TOTL.ZS,NV.AGR.TOTL.KD.ZG,NV.AGR.TOTL.KD,NV.AGR.TOTL.KN,NV.AGR.TOTL.CN,NV.AGR.TOTL.CD,NV.AGR.EMPL.KD,GC.DOD.TOTL.GD.ZS,NE.GDI.STKB.KN,NE.GDI.STKB.CN,NE.GDI.STKB.CD,BM.GSR.ROYL.CD,BX.GSR.ROYL.CD,NV.MNF.CHEM.ZS.UN,BX.GSR.CMCP.ZS,BM.GSR.CMCP.ZS,BN.CAB.XOKA.GD.ZS,BN.CAB.XOKA.CD,PA.NUS.ATLS,NY.GDP.DISC.KN,NY.GDP.DISC.CN,GC.XPN.TOTL.GD.ZS,NY.EXP.CAPM.KN,NE.EXP.GNFS.ZS,BX.GSR.GNFS.CD,NE.EXP.GNFS.KD.ZG,NE.EXP.GNFS.KD,NE.EXP.GNFS.KN,NE.EXP.GNFS.CN,NE.EXP.GNFS.CD,BX.GSR.TOTL.CD,NE.RSB.GNFS.ZS,NE.RSB.GNFS.KN,NE.RSB.GNFS.CN,NE.RSB.GNFS.CD,DT.DOD.DECT.GN.ZS,DT.DOD.DECT.CD,NE.CON.TOTL.ZS,NE.CON.TOTL.KD.ZG,NE.CON.TOTL.KD,NE.CON.TOTL.KN,NE.CON.TOTL.CN,NE.CON.TOTL.CD,NV.FSM.TOTL.KN,NV.FSM.TOTL.CN,NV.MNF.FBTO.ZS.UN,BN.KLT.DINV.CD,BX.KLT.DINV.WD.GD.ZS,BX.KLT.DINV.CD.WD,BM.KLT.DINV.WD.GD.ZS,BM.KLT.DINV.CD.WD,NY.GDP.MKTP.KD,NY.GDP.MKTP.KN,NY.GDP.MKTP.CN,NY.GDP.MKTP.CD,NY.GDP.DEFL.ZS,NY.GDP.MKTP.KD.ZG,NY.GDP.PCAP.KD,NY.GDP.PCAP.KN,NY.GDP.PCAP.CN,NY.GDP.PCAP.CD,NY.GDP.PCAP.KD.ZG,NY.GDP.PCAP.PP.KD,NY.GDP.PCAP.PP.CD,NY.GDP.MKTP.PP.KD,NY.GDP.MKTP.PP.CD,NY.GDP.MKTP.CN.AD,NY.GNP.MKTP.KD,NY.GNP.MKTP.KN,NY.GNP.MKTP.CN,NY.GNP.MKTP.CD,NY.GNP.MKTP.KD.ZG,NY.GNP.PCAP.KD,NY.GNP.PCAP.KN,NY.GNP.PCAP.CN,NY.GNP.PCAP.KD.ZG,NY.GNP.PCAP.CD,NY.GNP.PCAP.PP.KD,NY.GNP.PCAP.PP.CD,NY.GNP.ATLS.CD,NY.GNP.MKTP.PP.KD,NY.GNP.MKTP.PP.CD,NY.GNP.MKTP.CN.AD,NE.CON.GOVT.ZS,NE.CON.GOVT.KD.ZG,NE.CON.GOVT.KD,NE.CON.GOVT.KN,NE.CON.GOVT.CN,NE.CON.GOVT.CD,BX.GSR.MRCH.CD,BM.GSR.MRCH.CD,BX.GRT.EXTA.CD.WD,NE.GDI.TOTL.ZS,NE.GDI.TOTL.KD.ZG,NE.GDI.TOTL.KD,NE.GDI.TOTL.KN,NE.GDI.TOTL.CN,NE.GDI.TOTL.CD,NY.GDY.TOTL.KN,NY.GDS.TOTL.ZS,NY.GDS.TOTL.CN,NY.GDS.TOTL.CD,NE.GDI.FTOT.ZS,NE.GDI.FTOT.KD.ZG,NE.GDI.FTOT.KD,NE.GDI.FTOT.KN,NE.GDI.FTOT.CN,NE.GDI.FTOT.CD,NE.GDI.FPRV.ZS,NE.GDI.FPRV.CN,NE.DAB.TOTL.ZS,NE.DAB.TOTL.KD,NE.DAB.TOTL.KN,NE.DAB.TOTL.CN,NE.DAB.TOTL.CD,NE.DAB.DEFL.ZS,NY.GNS.ICTR.ZS,NY.GNS.ICTR.GN.ZS,NY.GNS.ICTR.CN,NY.GNS.ICTR.CD,NY.GDP.FCST.KD,NY.GDP.FCST.KN,NY.GDP.FCST.CN,NY.GDP.FCST.CD,NE.CON.PRVT.KD.ZG,NE.CON.PRVT.KD,NE.CON.PRVT.KN,NE.CON.PRVT.CN,NE.CON.PRVT.CD,NE.CON.PRVT.PC.KD,NE.CON.PRVT.PC.KD.ZG,NE.CON.PRVT.PP.KD,NE.CON.PRVT.PP.CD,NE.CON.PRVT.ZS,NE.CON.PRVT.CN.AD,BX.GSR.CCIS.ZS,BX.GSR.CCIS.CD,NE.IMP.GNFS.ZS,BM.GSR.GNFS.CD,NE.IMP.GNFS.KD.ZG,NE.IMP.GNFS.KD,NE.IMP.GNFS.KN,NE.IMP.GNFS.CN,NE.IMP.GNFS.CD,BM.GSR.TOTL.CD,NV.IND.TOTL.ZS,NV.IND.TOTL.KD.ZG,NV.IND.TOTL.KD,NV.IND.TOTL.KN,NV.IND.TOTL.CN,NV.IND.TOTL.CD,NV.IND.EMPL.KD,NY.GDP.DEFL.KD.ZG,FP.CPI.TOTL.ZG,BX.GSR.INSF.ZS,BM.GSR.INSF.ZS,NV.MNF.MTRN.ZS.UN,NV.IND.MANF.ZS,NV.IND.MANF.KD.ZG,NV.IND.MANF.KD,NV.IND.MANF.KN,NV.IND.MANF.CN,NV.IND.MANF.CD,NV.MNF.TECH.ZS.UN,DT.ODA.ODAT.GN.ZS,DT.ODA.ODAT.PC.ZS,BN.TRF.KOGT.CD,BN.KAC.EOMS.CD,BN.FIN.TOTL.CD,DT.ODA.ODAT.CD,BN.GSR.FCTY.CD,NY.GSR.NFCY.KN,NY.GSR.NFCY.CN,NY.GSR.NFCY.CD,BN.TRF.CURR.CD,NY.TRF.NCTR.KN,NY.TRF.NCTR.CN,NY.TRF.NCTR.CD,BN.GSR.MRCH.CD,BN.GSR.GNFS.CD,NV.MNF.OTHR.ZS.UN,PA.NUS.PPP,PA.NUS.PRVT.PP,BM.TRF.PWKR.CD.DT,BX.TRF.PWKR.DT.GD.ZS,BX.TRF.PWKR.CD.DT,BX.TRF.PWKR.CD,BN.KLT.PTXL.CD,BX.PEF.TOTL.CD.WD,DT.DOD.PVLX.GN.ZS,DT.DOD.PVLX.EX.ZS,DT.DOD.PVLX.CD,PA.NUS.PPPC.RF,BM.GSR.FCTY.CD,BX.GSR.FCTY.CD,BN.RES.INCL.CD,GC.REV.XGRT.GD.ZS,BX.TRF.CURR.CD,BM.TRF.PRVT.CD,BX.GSR.NFSV.CD,BM.GSR.NFSV.CD,NV.SRV.TOTL.ZS,NV.SRV.TOTL.KD.ZG,NV.SRV.TOTL.KD,NV.SRV.TOTL.KN,NV.SRV.TOTL.CN,NV.SRV.TOTL.CD,NV.SRV.EMPL.KD,DT.DOD.DSTC.XP.ZS,DT.DOD.DSTC.IR.ZS,NY.TAX.NIND.KN,NY.TAX.NIND.CN,NY.TAX.NIND.CD,BX.GRT.TECH.CD.WD,NY.TTF.GNFS.KN,NV.MNF.TXTL.ZS.UN,DT.TDS.DECT.GN.ZS,DT.TDS.DECT.EX.ZS,FI.RES.TOTL.CD,FI.RES.XGLD.CD,NE.TRD.GNFS.ZS,BG.GSR.NFSV.GD.ZS,BX.GSR.TRAN.ZS,BM.GSR.TRAN.ZS,BX.GSR.TRVL.ZS,BM.GSR.TRVL.ZS
1960,218,218,218,218,218,218,218,218,218,218,218,218,218,218,218,218,218,218,218,218,218,218,218,218,218,218,218,218,176,218,192,191,176,179,218,218,201,185,188,216,218,218,215,215,215,215,73,214,161,218,173,155,215,218,173,169,155,161,215,155,215,155,161,218,218,156,218,178,175,156,161,218,216,218,216,218,218,218,218,129,125,113,122,127,218,129,125,113,122,218,218,218,218,218,218,202,197,129,135,218,202,197,129,218,218,218,218,218,218,218,218,153,218,178,174,153,159,215,215,111,156,218,183,178,156,162,176,156,156,161,183,218,194,189,183,187,212,212,159,184,181,159,164,188,217,217,217,217,194,190,173,177,218,178,174,154,159,178,218,218,218,154,218,217,217,154,215,218,173,169,154,160,215,179,218,193,193,179,182,218,218,155,216,216,218,191,218,198,197,191,193,218,162,108,217,215,215,108,215,218,156,160,215,198,208,208,215,215,218,218,218,218,218,218,218,216,214,218,218,218,218,215,215,215,218,215,216,215,215,183,218,196,196,183,186,218,218,218,199,178,182,128,173,218,218,218,131,131,155,215,215,215,215,215
1961,218,218,218,218,218,218,218,218,218,218,218,218,218,218,218,218,218,218,218,218,218,218,218,218,218,218,218,218,174,191,190,188,174,178,218,218,200,185,188,216,218,218,215,215,215,215,73,213,157,218,169,152,215,169,170,165,152,158,215,152,214,152,158,218,218,153,176,176,172,153,158,218,216,218,216,218,218,218,218,126,122,112,121,124,125,126,122,112,121,125,218,218,218,218,218,202,194,128,134,196,202,194,128,197,218,218,218,218,218,218,218,152,175,176,172,152,158,215,215,101,155,179,182,178,155,161,171,153,153,158,181,190,192,188,181,185,212,212,156,184,180,156,161,186,217,217,217,217,192,188,173,177,175,177,173,153,158,177,178,218,218,153,218,217,217,152,215,169,170,165,152,158,215,177,193,191,191,177,181,218,127,153,216,216,218,191,197,197,196,191,194,218,159,101,217,215,215,101,215,218,155,159,215,198,208,208,215,215,218,218,218,218,218,218,218,216,214,218,218,218,218,215,215,215,218,215,215,215,215,182,196,195,195,182,186,218,218,218,197,177,181,119,169,218,218,218,132,132,152,215,215,215,215,215
1962,218,218,218,218,218,218,218,218,218,218,218,218,218,218,218,218,218,218,218,218,218,218,218,218,218,218,218,218,173,188,189,187,173,178,218,218,199,184,188,217,217,218,216,216,216,216,71,213,156,218,168,150,216,165,169,164,150,158,216,150,214,150,158,218,218,152,172,175,171,152,158,218,216,218,217,218,218,218,218,126,122,110,120,124,122,126,122,110,120,122,218,218,218,218,218,202,194,127,133,193,202,194,127,194,148,218,218,148,218,218,218,151,172,175,171,151,158,216,216,109,154,178,181,177,154,161,170,152,152,158,180,188,191,187,180,185,212,212,155,183,179,155,161,185,217,217,217,217,191,187,172,177,173,176,172,152,158,176,177,218,218,152,218,218,218,150,216,165,169,164,150,158,216,176,191,190,190,176,181,218,124,151,217,217,218,190,196,196,195,190,194,218,161,109,217,216,216,109,216,218,154,158,216,198,208,208,216,216,218,218,218,218,218,218,218,217,214,218,218,218,218,216,216,216,218,216,216,216,216,181,195,194,194,181,186,218,218,218,196,176,181,117,168,218,218,218,129,129,150,216,216,216,216,216
1963,218,218,218,218,218,218,218,218,218,218,218,218,218,218,218,218,218,218,218,218,218,218,218,218,218,218,218,218,171,187,189,187,171,176,218,218,199,183,187,217,217,166,216,216,216,216,71,213,156,218,168,150,216,164,169,164,150,158,216,150,214,150,158,218,218,151,171,175,171,151,157,218,216,165,217,218,218,218,218,126,122,110,120,124,122,126,122,110,120,122,218,218,218,218,218,202,194,127,133,193,202,194,127,194,145,218,218,145,218,218,218,150,171,175,171,150,157,216,216,102,153,177,181,177,153,160,170,151,151,157,178,187,191,187,178,183,212,212,154,183,179,154,160,185,217,217,217,217,191,187,171,176,172,176,172,151,157,176,176,218,218,151,218,218,218,149,216,164,169,164,149,157,216,173,190,190,190,173,178,218,124,151,217,217,168,188,195,196,195,188,192,218,158,102,217,216,216,102,216,218,154,158,216,198,208,208,216,216,165,218,218,218,218,218,218,217,214,218,218,218,218,216,216,216,218,216,216,216,216,179,194,194,194,179,184,218,218,218,196,176,181,112,168,166,218,218,129,129,150,216,216,216,216,216
1964,218,218,218,218,218,218,218,218,218,218,218,218,218,218,218,218,218,218,218,218,218,218,218,218,218,218,218,218,170,187,187,185,170,175,218,218,198,182,186,217,217,165,216,216,216,216,71,213,155,218,168,149,216,164,169,164,149,157,216,149,214,149,157,218,218,150,171,173,169,150,156,218,216,164,217,218,218,218,218,126,122,110,120,124,122,126,122,110,120,122,218,218,218,218,218,200,192,126,132,193,200,192,126,194,144,218,218,144,218,218,218,149,171,173,169,149,156,216,216,105,152,177,180,176,152,159,170,150,150,156,177,187,190,186,177,182,211,211,153,181,177,153,159,182,217,217,217,217,189,185,170,175,172,174,170,150,156,174,176,218,218,150,218,218,218,148,216,164,169,164,148,156,216,172,190,188,188,172,177,218,124,146,217,217,166,186,195,195,194,186,190,218,158,105,217,215,215,105,216,218,153,157,216,198,208,208,216,216,164,218,218,218,218,218,218,217,214,218,218,218,218,216,216,215,218,216,216,216,216,177,194,193,193,177,182,218,218,218,195,175,180,109,168,165,218,218,125,125,149,216,216,216,216,216
1965,218,218,218,218,218,218,218,218,218,218,218,218,218,218,218,218,218,218,218,218,218,218,218,218,218,218,218,218,157,185,173,171,157,160,218,218,192,172,174,216,217,162,215,215,215,215,63,213,151,218,164,144,215,164,166,161,144,149,215,144,214,144,149,218,218,146,169,170,166,146,150,217,215,161,216,218,218,218,218,121,116,102,110,118,122,121,116,102,110,122,218,218,218,218,218,196,189,120,125,192,196,189,120,193,144,218,218,144,218,218,218,145,169,170,166,145,150,215,215,107,147,176,176,172,147,152,166,146,146,150,168,186,185,181,168,171,207,207,149,177,173,149,153,178,217,217,217,217,178,174,162,165,170,171,167,147,151,171,174,218,218,147,218,217,217,143,215,164,166,161,143,148,215,157,188,178,178,157,160,218,124,142,216,216,163,168,194,186,185,168,171,218,151,105,217,215,215,105,215,218,147,151,215,193,197,198,215,215,161,218,218,218,218,218,218,216,214,218,218,218,218,215,215,215,218,215,215,215,215,167,193,182,182,167,170,218,218,218,183,167,171,112,164,162,218,218,120,120,144,215,215,215,215,215
1966,218,218,218,218,218,218,218,218,218,218,218,218,218,218,218,218,218,218,218,218,218,218,218,218,218,218,218,218,153,171,171,169,153,156,218,218,191,172,174,216,217,159,215,215,215,215,61,212,149,218,163,142,215,161,165,160,142,147,215,142,213,142,147,218,218,144,166,169,165,144,148,217,214,158,216,218,218,218,218,118,113,100,108,114,116,118,113,100,108,116,218,218,218,218,218,195,188,117,122,189,195,188,117,190,143,218,218,143,218,218,218,143,166,169,165,143,148,215,215,96,145,172,174,170,145,150,164,144,144,148,167,181,183,179,167,170,206,206,147,175,171,147,151,176,217,217,217,217,176,172,160,163,167,170,166,145,149,170,171,218,218,145,218,217,217,141,215,161,165,160,141,146,215,154,178,175,175,154,157,218,118,136,216,216,161,166,185,183,182,166,169,218,147,93,217,215,215,93,215,218,146,150,215,193,196,197,215,215,158,218,218,218,218,218,218,216,214,218,218,218,218,215,215,215,218,215,215,215,215,163,182,180,180,163,166,218,218,218,181,167,171,101,163,159,218,218,115,115,142,215,215,215,215,215
1967,218,218,218,218,218,218,218,218,218,218,218,218,218,218,218,218,218,218,218,218,218,218,218,218,218,218,218,218,152,169,168,166,152,155,218,218,191,168,170,215,216,154,213,213,214,213,59,212,147,218,161,140,213,160,163,158,140,144,213,140,213,140,144,218,218,142,165,168,164,142,145,217,214,151,214,218,218,218,218,117,112,98,105,113,113,117,112,98,105,113,218,218,218,218,218,194,186,114,118,186,194,186,114,188,135,218,218,135,218,218,218,141,165,169,164,141,145,213,213,93,143,170,174,169,143,147,162,142,142,145,163,179,182,178,163,165,206,206,145,175,170,145,148,175,217,217,217,217,175,171,159,162,166,169,165,143,146,169,170,218,218,143,218,217,217,139,213,160,163,158,139,143,213,153,175,172,172,153,156,218,114,131,214,214,155,165,182,181,180,165,168,218,143,92,216,213,213,92,213,218,142,146,213,192,191,192,213,213,151,218,218,218,218,218,218,214,212,218,218,218,218,213,213,213,218,213,213,213,213,162,180,179,179,162,165,218,218,218,181,167,171,98,161,152,218,218,115,115,140,214,213,213,213,213
1968,218,218,218,218,218,218,218,218,218,218,218,218,218,218,218,218,218,218,218,218,218,218,218,218,218,218,218,218,149,166,163,161,149,152,218,218,191,165,167,214,215,144,211,211,212,211,58,212,146,218,161,139,211,158,163,158,139,143,211,139,213,139,143,218,218,141,164,168,164,141,144,217,214,140,212,218,218,218,218,115,110,96,103,111,112,115,110,96,103,112,218,218,218,218,218,191,183,113,117,184,191,183,113,186,130,218,218,130,218,218,218,140,165,169,164,140,144,211,211,97,142,170,174,169,142,146,162,141,141,144,160,178,182,178,160,162,205,205,144,175,170,144,147,175,215,215,215,215,171,167,157,160,165,169,165,142,145,169,169,218,218,142,218,217,217,138,211,158,163,158,138,142,211,150,172,168,167,150,153,218,113,130,212,212,144,161,180,177,176,161,164,218,142,97,215,211,211,97,211,218,138,142,211,186,184,184,211,211,140,218,218,218,218,218,217,213,210,218,218,218,218,211,211,211,218,211,211,211,211,160,179,175,174,160,163,218,218,218,180,166,170,104,161,141,218,218,114,114,139,212,211,211,211,211
1969,218,218,218,218,218,218,218,218,218,218,218,218,218,218,218,218,218,218,218,218,218,218,218,218,218,218,218,218,148,161,161,159,148,151,218,218,190,163,165,214,215,145,211,211,212,211,58,211,145,218,160,138,211,158,162,157,138,142,211,138,212,138,142,218,218,140,164,167,163,140,143,217,214,143,212,218,218,218,218,115,110,96,103,111,110,115,110,96,103,110,218,218,218,218,218,189,181,113,117,181,189,181,113,183,128,218,218,128,218,218,218,139,165,168,163,139,143,211,211,95,141,170,173,168,141,145,161,140,140,143,158,178,180,176,158,160,206,206,143,174,169,143,146,174,214,214,214,214,170,166,156,159,165,168,164,141,144,168,169,218,218,141,218,217,217,137,211,158,162,157,137,141,211,149,167,167,166,149,152,218,111,129,212,212,147,160,176,175,174,160,163,218,142,95,215,211,211,95,211,217,136,140,211,186,183,183,211,211,143,218,218,218,218,218,217,213,210,218,218,218,218,211,211,211,218,211,211,211,211,159,174,173,172,159,162,218,218,218,179,165,169,96,160,143,218,218,114,114,138,212,211,211,211,211
1970,218,188,170,218,188,170,218,218,218,218,213,209,107,94,18,105,167,133,207,102,1,168,112,63,208,208,218,218,140,159,153,149,140,143,218,217,187,140,143,210,211,140,206,206,208,206,53,199,129,218,141,120,206,157,143,138,117,121,206,120,195,117,121,159,137,122,163,147,143,119,122,216,212,137,207,124,104,197,192,105,101,90,97,102,112,105,101,90,97,112,218,218,218,218,218,176,169,103,108,180,176,169,103,182,128,218,218,128,218,218,218,123,164,149,144,120,124,206,206,97,124,169,152,147,121,125,145,122,122,125,138,177,160,156,135,138,196,196,127,153,148,124,127,152,208,207,207,207,152,148,136,139,164,149,145,121,124,149,168,218,218,124,218,215,215,119,206,157,143,138,116,120,206,141,166,158,156,141,144,218,113,126,208,208,141,151,174,168,165,151,154,218,139,97,215,206,206,97,206,211,117,121,206,178,162,162,206,206,137,218,218,207,208,206,215,208,203,218,218,218,218,206,206,206,218,206,206,206,206,151,172,165,164,151,154,218,215,177,161,146,149,98,141,137,160,215,112,112,120,208,206,206,206,206
1971,186,174,140,186,174,140,218,218,218,218,213,209,105,91,18,105,135,87,204,102,1,139,112,63,205,205,218,218,139,149,152,148,139,142,218,217,187,139,142,209,210,139,200,200,204,200,53,199,128,218,141,119,200,138,143,138,117,121,202,119,195,117,121,159,136,122,143,147,143,120,123,216,212,136,203,122,99,191,186,105,101,88,95,102,101,105,101,88,95,101,218,218,218,218,218,176,169,103,108,163,176,169,103,169,128,218,218,128,218,218,218,124,145,149,144,122,126,200,200,95,124,148,152,147,122,126,145,122,122,125,137,156,160,156,135,138,197,197,127,153,148,125,128,152,205,204,204,204,151,147,134,137,145,149,145,122,125,149,149,218,218,124,218,215,215,119,200,138,143,138,117,121,201,140,156,157,155,140,143,218,102,123,205,203,142,150,165,166,163,150,153,218,138,95,214,202,200,95,201,210,113,117,201,178,160,160,201,200,136,218,218,202,205,202,212,205,197,218,218,218,218,201,202,200,218,202,201,200,200,151,164,164,163,151,154,218,215,175,160,144,147,99,141,136,160,214,112,112,119,204,200,200,200,200
1972,171,174,140,171,174,140,218,218,218,218,213,209,104,90,18,104,135,87,203,101,1,139,111,63,204,204,218,218,139,148,152,148,139,142,218,218,187,139,142,209,210,140,198,198,202,198,53,199,127,184,141,118,198,138,143,138,116,120,200,118,195,116,120,159,134,121,143,147,143,119,122,216,212,137,201,116,92,189,182,105,101,88,95,102,101,105,101,88,95,101,218,218,218,218,218,176,169,102,107,163,176,169,102,169,120,218,218,120,218,218,218,123,145,149,144,121,125,198,198,95,123,148,152,147,121,125,145,121,121,124,137,156,160,156,135,138,197,197,126,153,148,124,127,152,204,203,203,203,151,147,133,136,145,149,145,121,124,149,149,218,218,123,218,214,214,118,198,138,143,138,116,120,199,140,155,157,155,140,143,218,102,121,204,201,143,151,163,166,163,151,154,218,138,95,213,199,198,95,199,210,112,116,199,178,159,159,198,198,137,218,218,201,203,200,211,204,194,218,218,218,218,199,200,198,184,200,200,198,198,151,163,164,163,151,154,218,214,172,160,145,148,95,141,137,160,213,111,111,118,202,198,198,198,198
1973,171,173,139,171,173,139,218,218,218,218,213,209,103,90,18,102,134,87,203,99,1,138,110,63,204,204,218,218,139,148,152,148,139,142,218,218,187,138,141,208,210,140,198,198,202,198,53,199,127,181,140,118,198,138,143,137,116,120,198,118,195,116,120,158,134,121,143,147,143,119,122,216,212,137,201,116,88,186,180,105,101,88,95,102,101,105,101,88,95,101,218,218,218,218,218,175,169,100,105,164,175,169,100,170,119,218,218,119,218,218,218,122,145,149,144,120,124,198,198,94,123,148,152,147,121,125,144,121,121,124,137,156,160,156,135,138,197,197,126,153,148,124,127,152,204,203,203,203,151,147,132,135,145,149,145,121,124,149,149,218,218,123,218,215,215,118,198,138,143,137,116,120,198,140,155,156,154,140,143,218,102,119,205,201,142,151,163,165,162,151,154,218,134,88,214,200,198,88,198,210,112,116,199,177,159,159,198,198,137,218,218,201,203,200,211,204,194,218,218,218,218,198,198,198,178,200,200,198,198,151,163,164,163,151,154,218,214,170,160,144,147,95,140,137,159,212,107,107,118,202,198,198,198,198
1974,170,173,139,170,173,139,218,218,218,218,213,209,103,89,18,102,134,87,193,99,1,138,110,63,194,194,218,218,138,148,152,148,138,141,218,218,187,137,140,205,207,134,188,187,191,187,53,199,127,180,140,117,187,137,143,137,115,119,187,117,195,115,119,158,134,120,143,147,143,118,121,216,212,132,191,115,85,174,167,103,99,87,94,100,101,103,99,87,94,101,218,218,218,218,218,175,168,100,105,163,175,168,100,169,119,218,218,119,218,218,218,121,145,149,144,119,123,187,187,83,123,148,152,147,121,125,144,120,120,123,136,156,160,156,134,137,196,196,126,153,148,124,127,152,194,193,193,193,151,147,132,135,145,149,145,120,123,149,149,218,218,122,218,215,215,117,187,137,143,137,115,119,187,139,154,156,154,139,142,218,102,118,197,191,137,149,162,165,162,149,152,218,134,83,213,189,187,83,187,210,111,115,188,176,159,159,187,187,132,218,218,193,193,191,206,200,181,218,218,218,218,187,187,187,177,189,189,188,187,150,163,164,163,150,153,218,208,167,160,144,147,84,140,132,159,203,105,105,117,192,188,187,188,188
1975,170,172,139,170,172,139,218,218,218,218,213,209,105,88,18,104,134,87,175,101,1,138,112,63,176,176,218,218,133,148,146,142,133,136,218,218,184,132,135,196,201,133,165,164,169,164,53,199,122,178,138,113,164,137,141,135,111,115,166,113,195,111,115,159,134,116,143,145,141,114,117,216,212,131,171,111,85,158,150,101,97,85,92,98,99,101,97,85,92,99,218,218,218,218,218,174,167,102,107,162,174,167,102,168,120,218,218,120,218,218,218,117,145,147,142,115,119,164,164,79,120,148,150,145,118,122,142,116,116,119,130,156,157,153,128,131,194,194,122,151,146,120,123,150,176,175,175,176,146,142,129,132,145,147,143,116,119,147,149,218,218,118,218,214,214,113,164,137,141,135,111,115,164,134,154,151,149,134,137,218,100,116,177,169,138,143,162,159,156,143,146,218,136,79,213,164,164,79,164,210,112,116,165,173,155,155,164,164,131,218,218,176,174,172,196,188,158,218,218,218,218,164,166,165,175,168,168,165,164,146,163,160,159,146,149,218,197,166,159,141,144,81,138,131,160,190,102,102,113,170,166,164,166,166
1976,169,170,136,169,170,136,218,218,218,218,213,209,102,87,18,101,131,87,158,98,1,135,109,63,159,159,218,218,130,142,143,139,130,133,218,218,184,131,134,184,196,135,144,143,151,141,54,199,119,176,136,110,141,135,139,133,108,112,144,110,195,108,112,157,134,113,141,144,140,111,114,215,211,132,155,109,81,143,131,99,95,84,91,96,97,99,95,84,91,97,218,218,218,218,218,171,165,99,104,162,171,165,99,168,119,218,218,119,218,218,218,114,143,146,141,112,116,141,141,82,117,146,150,145,115,119,140,113,113,116,128,153,155,151,126,129,191,191,119,151,146,117,120,149,159,158,158,160,144,140,127,130,143,146,142,113,116,146,147,218,218,115,218,210,210,110,141,135,139,133,108,112,141,131,149,148,146,131,134,218,98,115,163,145,139,140,156,155,152,140,143,218,133,81,212,143,141,81,141,210,108,113,142,172,147,148,141,141,132,218,218,156,161,158,189,178,134,218,218,218,218,141,144,141,172,146,149,142,141,144,159,157,156,144,147,218,185,161,157,140,143,83,136,132,157,176,97,97,110,152,145,141,143,143
1977,167,170,136,167,170,136,218,218,218,218,213,209,98,84,18,97,131,87,144,94,1,135,108,63,145,145,218,218,125,139,136,132,125,128,218,218,184,128,131,175,194,135,121,119,133,116,54,198,118,178,136,109,115,133,139,133,107,111,122,109,195,107,111,156,133,112,140,144,140,110,113,212,206,132,134,104,77,128,110,93,89,81,88,91,95,93,89,81,88,95,218,218,218,218,218,170,164,95,100,159,170,164,95,165,118,218,218,118,218,218,218,112,142,146,141,110,114,115,115,81,116,146,150,145,114,118,139,112,112,115,126,151,155,151,124,127,190,190,118,151,146,116,119,149,145,144,144,147,137,133,122,125,142,146,142,111,114,146,146,218,218,113,218,208,208,109,115,133,139,133,107,111,118,126,146,141,139,126,129,218,96,113,142,119,139,135,152,148,145,135,138,218,129,80,212,118,115,80,118,210,103,108,116,172,141,142,115,115,132,218,218,141,148,141,179,169,105,218,218,218,218,118,122,115,170,119,128,116,115,139,156,149,148,139,142,218,163,152,151,134,137,83,136,132,156,155,94,94,109,134,122,115,117,118
1978,167,169,136,167,169,136,218,218,218,218,213,209,99,85,18,97,131,87,140,94,1,135,108,63,141,141,218,218,123,132,135,131,123,126,218,218,184,127,130,175,195,135,115,113,127,109,53,198,117,176,136,109,109,133,139,133,107,111,115,109,195,107,111,155,131,112,140,144,140,110,113,211,206,134,129,104,74,123,105,93,89,82,89,91,89,93,89,82,89,89,218,218,218,218,218,169,163,95,100,157,169,163,95,164,115,218,218,115,218,218,218,112,142,146,141,110,114,109,109,81,115,146,150,145,113,117,139,112,112,115,125,151,154,150,123,126,191,191,117,151,146,115,118,148,142,141,141,144,136,132,121,124,142,146,142,111,114,146,146,218,218,113,218,208,208,109,109,133,139,133,107,111,110,124,139,140,138,124,127,218,91,113,137,113,141,132,145,146,143,132,135,218,129,79,209,109,109,79,111,208,102,107,111,172,140,141,109,109,134,218,218,134,144,134,178,167,99,218,218,218,218,110,115,109,170,113,124,109,109,137,148,148,147,137,140,218,159,150,150,133,136,83,136,134,155,148,94,94,109,127,116,109,111,112
1979,166,169,137,166,169,137,218,218,218,218,213,209,97,83,18,96,132,90,139,93,1,136,107,63,140,140,218,218,122,131,134,130,122,125,218,218,182,125,128,174,193,136,107,108,124,105,53,198,119,177,136,110,104,133,139,133,108,112,111,110,195,108,112,155,131,114,140,144,140,112,115,211,206,135,128,99,71,119,100,92,88,81,88,90,89,92,88,81,88,89,218,218,218,218,218,169,163,94,99,155,169,163,94,163,110,218,218,110,218,218,218,113,142,146,141,111,115,104,104,78,117,146,150,145,115,119,139,114,114,117,123,150,153,148,121,124,190,190,119,151,146,117,120,148,140,139,139,142,136,132,119,122,142,146,142,113,116,146,146,218,218,115,218,206,206,110,104,133,139,133,108,112,105,124,138,139,137,124,127,218,91,115,133,109,142,132,143,146,143,132,135,218,127,77,207,104,104,77,104,208,101,106,105,173,138,139,104,104,135,218,218,130,138,129,175,167,94,218,218,218,218,105,111,104,171,108,117,104,104,137,147,148,147,137,140,218,156,150,150,132,135,80,136,135,155,145,93,93,110,123,112,105,107,110
1980,166,162,99,166,162,99,218,218,218,218,212,204,87,72,18,86,87,25,134,83,1,98,96,61,135,135,218,218,115,131,127,124,115,118,218,218,176,113,117,173,193,131,105,101,113,99,50,197,111,175,130,98,99,133,133,127,97,102,105,98,195,97,102,151,130,105,140,136,132,104,109,210,203,131,128,93,70,106,90,80,76,67,76,77,88,80,76,67,76,88,218,218,218,218,218,164,159,83,88,156,164,159,83,164,108,218,218,108,218,218,218,103,142,139,134,102,107,99,99,78,106,146,144,139,105,111,132,105,105,110,109,149,141,136,108,112,180,180,110,145,140,109,114,143,135,134,134,137,130,127,113,116,142,139,135,107,111,139,146,218,218,108,218,206,206,98,99,133,133,127,97,102,100,116,137,132,129,116,119,218,90,112,130,105,138,131,143,142,138,131,133,218,118,77,210,101,99,77,99,208,92,97,100,167,128,130,99,99,131,218,218,120,134,127,168,165,88,218,218,218,218,100,105,99,169,104,113,99,99,127,147,138,137,127,130,218,152,145,144,123,126,80,130,131,151,142,91,91,98,113,110,100,102,104
1981,156,161,97,156,161,97,218,218,218,218,212,204,84,69,18,83,84,25,129,80,1,96,94,63,130,130,218,218,112,124,124,121,112,115,218,218,175,108,112,171,189,127,100,98,110,97,48,197,107,174,129,96,97,127,133,127,95,100,103,96,195,95,100,143,121,102,132,136,132,101,106,210,203,126,127,88,68,105,90,76,72,64,73,73,76,76,72,64,73,76,218,218,218,218,218,164,159,80,85,151,164,159,80,159,107,218,218,107,218,218,218,100,135,139,134,99,104,97,97,78,101,140,144,139,100,106,131,102,102,107,107,137,141,136,106,110,178,178,106,145,140,105,110,142,132,131,131,134,127,124,111,114,135,139,135,101,105,139,139,218,218,102,218,205,205,96,97,127,133,127,95,100,98,113,129,129,126,113,116,218,77,104,131,102,132,129,138,140,136,129,131,218,115,77,210,97,97,77,97,208,88,93,99,165,126,128,97,97,125,218,218,119,133,127,167,167,86,218,218,218,218,98,103,97,169,103,112,97,97,127,137,136,135,127,130,218,147,141,140,121,124,80,129,125,143,137,90,90,96,110,107,97,99,101
1982,156,159,97,156,159,97,218,218,218,218,211,204,83,68,18,82,83,25,126,79,1,96,94,63,127,127,218,218,112,121,122,119,112,115,218,218,173,105,108,171,190,131,96,93,106,93,47,197,105,175,128,96,93,127,131,125,95,99,97,96,195,95,99,141,121,100,132,134,130,99,103,210,203,130,123,86,65,102,87,73,69,63,71,70,72,73,69,63,71,72,218,218,218,218,218,163,159,79,83,151,163,159,79,160,96,218,218,96,218,218,218,98,135,137,132,97,101,93,93,78,100,140,142,137,99,104,130,100,100,104,104,137,137,132,103,106,178,178,104,143,138,103,107,141,129,128,128,130,125,122,112,115,135,137,133,100,103,137,139,218,218,101,218,204,204,96,93,127,131,125,95,99,93,112,126,127,124,112,115,218,73,103,128,98,135,129,136,138,134,129,131,218,113,77,207,94,93,77,93,208,88,92,95,163,124,126,93,93,129,218,218,115,129,124,163,164,82,218,218,218,218,93,97,93,172,100,107,94,93,126,135,134,133,126,129,218,143,140,139,121,124,80,128,129,141,134,89,89,96,107,102,93,96,97
1983,154,158,97,154,158,97,218,218,218,218,211,204,82,67,18,81,82,25,125,78,1,96,94,63,126,126,218,218,109,119,121,118,109,111,218,218,171,101,103,169,190,135,96,93,105,93,46,197,102,175,128,95,93,125,131,125,94,97,97,95,195,94,97,140,121,98,130,134,130,97,100,210,202,134,118,84,64,99,84,73,69,62,69,70,69,73,69,62,69,69,218,218,218,218,218,163,159,78,81,150,163,159,78,159,92,218,218,92,218,218,218,97,133,137,132,96,100,93,93,77,97,138,142,137,96,100,130,98,98,101,102,133,136,131,101,103,179,179,101,143,138,100,103,141,128,127,127,128,123,120,111,113,133,137,133,98,101,137,137,218,218,99,218,204,204,95,93,125,131,125,94,97,93,110,124,126,123,110,112,218,70,103,124,97,139,125,134,137,133,125,126,218,111,76,206,94,93,76,93,208,87,90,95,163,124,126,93,93,133,218,218,116,124,120,161,164,81,218,218,218,218,93,97,93,173,100,109,94,93,123,133,133,132,123,125,218,141,141,137,120,122,79,128,133,140,134,89,89,95,106,101,93,96,97
1984,153,158,95,153,158,95,218,218,218,218,211,204,81,66,18,80,81,25,122,77,1,94,92,63,123,123,218,218,109,118,119,116,109,111,218,218,171,102,103,170,190,137,93,91,102,91,44,197,102,175,128,96,91,125,131,125,95,97,99,96,195,95,97,139,120,99,130,134,130,98,100,210,202,136,119,81,63,96,83,70,66,61,67,68,69,70,66,61,67,69,218,218,218,218,218,163,159,77,80,150,163,159,77,159,89,218,218,89,218,218,218,98,133,137,132,97,100,91,91,78,97,138,142,137,96,99,130,99,99,101,102,132,136,131,101,102,178,178,101,143,138,100,102,141,125,124,124,125,122,119,111,113,133,137,133,99,101,137,137,218,218,100,218,204,204,96,91,125,131,125,95,97,91,110,123,124,121,110,112,218,70,100,125,96,140,126,133,136,132,126,127,218,111,78,206,91,91,78,91,208,86,90,93,161,122,124,91,91,135,218,218,117,124,120,162,167,79,218,218,218,218,91,99,91,171,97,110,91,91,121,132,132,131,121,123,218,144,139,136,120,122,80,128,135,139,131,84,84,96,102,98,91,95,96
1985,153,157,93,153,157,93,218,218,218,218,211,204,79,64,18,78,79,25,121,75,1,92,90,63,122,122,218,218,108,116,117,114,108,111,218,218,170,101,102,170,189,137,91,89,100,89,43,197,101,175,128,96,89,125,131,125,95,97,96,96,195,95,97,137,119,99,130,134,129,98,100,210,202,134,115,77,61,94,80,69,65,58,65,66,66,69,65,58,65,66,218,218,218,218,218,163,157,74,78,150,163,157,74,159,88,218,218,88,218,218,218,99,133,136,131,98,101,89,89,77,95,138,141,136,94,97,130,99,99,101,100,132,134,130,99,100,174,174,100,142,137,99,101,139,125,124,124,125,121,118,111,114,133,137,132,100,102,137,137,218,218,101,218,201,201,96,89,125,131,125,95,97,89,109,121,122,119,109,112,218,68,99,126,94,142,125,132,134,129,125,127,218,108,76,201,90,89,76,89,208,84,87,92,158,120,121,89,89,134,218,218,114,124,120,161,164,78,218,218,218,218,89,96,89,171,95,107,89,89,120,131,130,129,120,123,218,139,137,134,120,123,77,128,134,137,129,84,84,96,100,97,89,95,93
1986,151,156,90,151,156,90,218,218,218,218,211,204,76,62,18,76,77,24,120,74,1,89,87,63,121,121,218,218,106,114,116,113,106,109,218,218,171,100,101,165,185,133,92,88,99,88,42,197,100,173,128,94,88,125,131,125,93,95,92,94,195,93,95,136,119,98,129,133,128,97,99,210,202,129,114,76,59,91,78,65,61,56,63,63,65,65,61,56,63,65,218,218,218,218,218,162,156,73,77,148,162,156,73,157,85,218,218,85,218,218,218,98,131,136,131,97,100,88,88,74,94,136,141,136,93,96,130,98,98,100,99,131,134,131,98,99,173,173,99,141,136,98,100,138,123,122,122,123,120,117,110,113,132,136,131,99,101,136,137,218,218,100,218,193,193,94,88,125,131,125,93,95,88,107,119,120,117,107,110,218,66,93,119,91,141,123,129,134,129,123,125,218,105,74,190,88,88,74,88,208,81,84,90,157,117,118,88,88,129,218,218,111,119,115,154,164,79,218,218,218,218,88,92,88,170,93,106,89,88,119,129,129,128,119,122,218,136,137,133,119,122,75,128,129,136,129,83,83,94,100,93,88,96,94
1987,150,156,89,150,156,89,218,218,218,218,211,204,76,60,18,76,76,23,120,74,1,88,87,63,121,121,218,218,103,113,114,111,103,107,218,218,171,99,101,164,186,134,90,88,97,87,37,197,99,173,127,93,87,125,130,124,92,95,92,93,195,92,95,136,119,96,128,132,127,95,98,210,200,130,111,74,59,89,77,62,58,52,59,59,61,62,58,52,59,61,218,218,218,218,218,162,156,73,77,147,162,156,73,156,85,218,218,85,218,218,218,96,131,135,129,95,99,87,87,75,93,136,141,135,92,96,129,96,96,99,98,131,133,130,97,99,168,168,97,141,136,96,99,138,123,122,122,123,118,115,105,110,131,135,129,97,100,135,136,218,218,98,218,192,192,93,87,125,130,124,92,95,87,105,117,118,115,105,109,218,63,90,121,92,141,122,129,134,129,122,124,218,105,75,188,87,87,75,87,208,81,84,89,155,117,118,87,87,130,218,218,109,116,112,151,168,79,218,218,218,218,87,92,87,173,92,104,89,87,115,128,127,126,115,119,218,136,136,131,116,121,76,127,130,136,129,82,82,93,99,93,87,96,94
1988,150,155,88,150,155,88,218,218,218,218,211,204,75,58,18,74,75,22,120,73,1,87,86,63,121,121,218,218,102,111,113,110,102,107,218,218,171,100,102,163,183,137,91,88,95,88,37,197,99,170,126,93,88,124,129,123,92,94,93,93,195,92,94,134,119,95,127,131,126,94,97,210,199,133,111,71,59,85,75,60,56,49,55,57,58,60,56,49,55,58,218,218,218,218,218,161,155,72,75,147,161,155,72,156,82,218,218,82,218,218,218,96,129,134,128,95,98,88,88,73,92,135,140,134,91,94,128,95,95,98,99,130,133,130,98,100,168,168,96,140,135,95,98,137,124,123,123,124,117,114,105,110,129,134,128,97,100,134,135,218,218,98,218,189,189,93,88,124,129,123,92,94,88,104,115,117,114,104,108,218,59,90,118,93,143,120,129,133,128,120,122,218,102,73,184,88,88,73,88,208,78,80,91,153,114,115,88,88,132,218,218,110,115,111,149,166,80,218,218,218,218,88,93,88,169,93,106,90,88,115,126,126,125,115,119,218,137,135,131,116,121,75,126,132,134,130,81,81,93,97,94,88,97,95
1989,149,153,84,149,153,84,218,218,218,218,211,204,71,58,18,69,70,22,119,68,1,83,82,63,120,120,218,218,99,110,111,108,99,103,218,217,170,100,101,162,183,130,90,88,93,87,37,197,98,170,122,89,87,123,125,119,88,89,91,89,195,88,89,129,118,93,126,129,124,92,94,210,198,129,108,71,59,86,76,59,55,49,54,56,56,59,55,49,54,56,218,218,218,218,218,160,155,67,69,147,160,155,67,156,78,218,218,78,218,218,218,93,128,132,126,92,94,87,87,74,91,134,138,132,90,92,124,93,93,95,97,130,131,128,96,97,168,168,95,139,134,94,96,136,121,120,120,120,116,113,102,106,128,132,126,95,97,132,134,218,218,96,218,187,187,89,87,123,125,119,88,89,87,101,114,115,112,101,104,218,57,87,117,93,139,116,128,131,126,116,117,218,98,74,178,88,87,74,87,208,74,76,88,153,112,113,87,87,129,218,218,110,113,110,149,160,80,218,218,218,218,87,91,87,168,90,105,88,87,112,125,124,123,112,115,218,136,135,130,113,117,75,122,129,129,129,81,81,89,94,92,88,93,93
1990,148,143,79,148,143,79,120,120,125,125,62,19,62,40,18,62,62,17,115,61,1,78,78,62,116,116,79,63,85,108,98,95,85,86,218,169,161,84,85,155,176,129,90,88,90,87,24,194,84,151,112,76,87,120,113,108,74,75,91,76,191,74,75,127,118,80,125,116,112,78,79,211,198,128,107,69,60,117,112,49,45,38,40,46,55,49,45,38,40,55,57,56,57,56,47,148,144,61,63,147,148,144,61,156,75,147,74,75,147,74,69,82,127,118,113,80,81,87,87,65,80,133,124,118,78,79,115,80,80,81,83,128,117,113,81,82,162,162,83,125,120,81,82,125,117,116,116,116,105,102,92,93,127,119,114,81,82,119,132,120,118,83,88,180,180,76,87,120,113,108,74,75,87,88,112,102,99,88,89,218,56,87,116,94,137,105,126,120,115,105,106,65,96,72,174,87,87,72,87,207,68,70,87,144,103,103,87,87,127,53,89,108,111,108,149,151,98,218,218,218,54,87,91,87,146,89,107,88,87,99,123,111,110,99,100,218,135,136,120,103,104,70,112,127,127,129,82,82,76,91,91,88,91,92
1991,139,143,80,139,143,80,120,120,124,124,60,18,61,40,18,61,62,18,116,60,1,79,78,61,117,117,77,62,83,96,96,93,83,85,104,165,158,83,86,156,174,127,89,88,89,87,26,193,83,151,110,74,87,108,112,106,72,74,90,74,190,72,74,126,117,81,112,115,111,79,81,211,198,128,102,69,59,119,113,48,45,37,41,45,46,48,45,37,41,46,56,54,56,54,46,145,141,59,62,135,145,141,59,144,76,145,71,76,145,71,67,81,113,117,112,79,81,87,87,56,80,118,123,117,78,81,113,81,81,83,83,113,116,111,81,84,161,161,83,124,119,81,83,123,118,117,117,117,104,102,88,90,114,118,113,81,83,118,119,119,114,83,87,179,179,74,87,108,112,106,72,74,87,83,100,100,97,83,85,110,47,83,120,96,139,100,116,116,112,100,103,65,95,67,169,87,87,67,87,207,65,69,87,138,93,95,87,87,125,51,82,108,108,106,154,145,106,218,218,218,54,87,90,87,146,89,106,87,87,96,110,108,106,96,98,116,133,133,117,97,100,59,110,126,126,128,77,77,74,89,92,88,93,92
1992,139,141,79,139,141,79,120,120,123,123,57,13,58,39,18,58,59,18,115,57,1,78,76,50,116,116,73,60,81,93,95,91,81,82,103,163,157,82,83,155,174,128,87,86,89,83,25,192,83,149,107,72,83,106,111,104,70,71,87,72,189,70,71,120,108,80,111,114,108,78,79,211,196,129,96,59,43,116,108,45,42,36,38,42,45,45,42,36,38,45,54,51,54,51,43,145,140,56,58,134,145,140,56,141,66,145,67,66,145,67,63,79,113,116,110,77,78,83,83,47,79,118,122,116,77,78,110,80,80,81,81,111,115,109,79,80,158,158,82,123,117,80,81,121,117,116,116,116,103,100,86,87,114,118,112,80,81,118,118,119,107,82,84,169,169,72,83,106,111,104,70,71,84,81,97,99,95,81,82,109,45,76,117,94,139,99,112,115,110,99,100,65,91,60,164,84,83,60,83,207,63,65,83,136,88,89,83,83,126,48,76,106,102,98,152,144,106,218,218,218,49,83,87,83,144,84,105,83,84,95,106,107,105,95,96,115,134,131,116,95,96,50,107,127,123,127,71,71,72,90,90,85,90,88
1993,137,137,72,137,137,72,116,116,118,118,51,13,52,37,18,52,53,17,109,51,1,71,69,45,110,110,68,58,79,91,93,89,79,79,101,163,152,80,80,153,167,122,79,79,82,76,24,192,80,150,104,70,76,104,108,101,67,67,81,70,188,67,67,113,103,77,108,109,103,74,74,209,194,122,85,52,38,106,98,44,41,35,36,41,42,44,41,35,36,42,53,50,53,50,42,142,136,51,52,132,142,136,51,140,60,142,62,60,142,62,58,77,110,111,105,74,74,76,76,44,77,116,118,111,74,74,108,77,77,77,79,109,112,105,76,76,157,157,79,119,112,76,76,116,112,111,111,111,102,99,85,85,112,112,106,76,76,112,118,113,103,79,81,151,151,70,76,104,108,101,67,67,77,79,95,97,93,79,79,108,42,70,113,89,132,95,110,113,108,95,95,65,84,57,153,76,76,57,76,207,58,59,76,131,83,83,76,76,118,46,72,96,95,91,140,134,108,218,218,218,46,76,81,76,144,77,98,76,76,92,105,103,101,92,92,112,131,121,114,94,94,45,104,119,114,124,58,58,70,82,81,78,83,79
1994,131,135,69,131,135,69,114,114,116,116,49,13,49,35,18,50,50,16,106,48,1,68,67,45,107,107,65,56,72,89,90,86,72,72,98,163,149,77,77,141,161,119,78,76,80,73,22,192,77,147,99,65,73,101,106,98,62,62,79,65,188,62,62,110,101,74,103,106,100,71,71,209,194,118,82,52,39,104,95,42,39,33,34,39,41,42,39,33,34,41,51,48,51,48,40,137,131,48,49,128,137,131,48,136,57,137,59,57,137,59,55,74,105,108,102,71,71,73,73,42,75,111,116,109,72,72,103,74,74,74,78,105,109,102,75,75,155,155,76,116,109,73,73,112,109,108,108,108,100,97,81,81,106,109,103,72,73,109,112,110,99,76,79,137,137,65,73,101,106,98,62,62,74,73,93,93,89,73,73,104,41,67,105,83,127,89,108,110,105,89,89,65,81,55,142,74,73,55,73,207,54,55,73,125,76,76,73,73,115,43,67,90,92,87,134,128,114,218,218,218,44,74,79,73,143,74,95,73,73,85,101,99,97,85,85,108,128,119,112,90,90,42,99,116,112,121,57,57,65,80,78,75,81,76
1995,129,120,58,129,120,58,104,104,107,107,40,13,39,27,18,41,42,16,97,38,1,58,57,43,97,97,56,48,49,86,69,65,49,49,78,167,146,70,70,142,163,120,79,77,75,75,18,186,66,139,93,53,75,98,99,91,53,53,77,53,186,53,53,108,101,63,100,98,92,63,63,208,189,119,81,45,38,96,93,32,29,25,25,29,39,32,29,25,25,39,41,38,41,38,30,118,112,39,39,125,118,112,39,131,51,118,47,51,118,47,43,63,102,102,96,63,63,75,75,42,63,109,108,101,63,63,93,63,63,63,68,102,103,96,68,68,149,149,65,108,101,65,65,103,99,99,99,99,84,81,66,66,103,102,96,65,65,102,109,103,85,65,67,125,125,53,75,98,99,91,53,53,76,52,89,72,68,52,52,83,39,63,106,88,126,66,105,88,83,66,66,65,76,55,134,75,75,55,75,199,47,47,75,118,63,63,75,75,116,38,64,87,81,81,130,120,124,218,218,218,38,76,77,76,131,77,94,75,75,61,97,78,76,61,61,87,127,114,96,75,75,42,93,117,109,122,51,51,53,75,79,78,81,78
1996,114,119,57,114,119,57,101,101,104,104,39,13,38,27,18,40,41,16,94,37,1,57,56,43,94,94,55,48,47,65,68,64,47,47,77,168,146,64,64,130,159,123,77,76,73,73,18,185,66,140,91,53,73,91,97,89,53,53,75,53,185,53,53,107,101,63,92,96,90,63,63,207,189,120,78,44,37,90,87,32,29,25,25,29,29,32,29,25,25,29,41,38,41,38,30,117,111,38,38,113,117,111,38,112,49,117,46,49,117,46,42,64,96,101,95,64,64,73,73,42,62,101,108,101,62,62,91,63,63,63,67,96,101,94,67,67,150,150,65,108,101,65,65,103,96,96,96,96,84,81,63,63,96,100,94,66,66,100,102,101,85,66,68,116,116,53,73,91,97,89,53,53,73,50,68,70,66,50,50,82,29,60,103,89,126,64,83,87,82,64,64,65,81,61,127,73,73,61,73,199,46,46,73,117,61,61,73,73,118,38,61,82,76,76,125,113,122,218,218,218,38,73,75,73,134,75,91,73,73,58,76,75,73,58,58,85,126,114,96,72,72,42,91,119,108,121,51,51,53,73,78,77,77,77
1997,113,117,56,113,117,56,100,100,104,104,37,12,37,27,18,39,39,15,93,36,1,56,55,42,93,93,55,49,44,64,65,61,44,44,75,167,145,67,67,127,156,126,74,73,72,71,18,184,64,138,89,52,71,89,96,88,52,52,74,52,184,52,52,106,101,62,90,95,89,62,62,206,188,124,76,41,34,91,87,30,27,24,25,28,29,30,27,24,25,29,39,37,39,37,29,114,108,37,37,112,114,108,37,111,39,114,45,39,114,45,41,64,95,100,94,64,64,71,71,42,62,101,106,98,62,62,89,62,62,62,67,94,100,93,67,67,149,149,64,106,99,64,64,101,95,95,95,95,81,77,62,62,94,99,93,65,65,99,100,100,86,65,67,108,108,52,71,89,96,88,52,52,71,47,66,67,63,47,47,80,29,60,98,85,128,61,82,83,78,61,61,65,82,65,124,71,71,65,71,199,45,45,71,112,55,55,71,71,122,37,62,78,78,77,124,111,117,218,218,218,38,71,74,71,131,73,89,71,71,55,73,71,69,55,55,82,124,113,93,70,70,42,89,123,106,117,49,49,52,72,75,74,75,74
1998,112,116,53,112,116,53,101,101,105,105,36,12,37,27,18,39,38,15,93,34,1,53,52,39,94,94,56,50,43,61,64,60,43,43,74,157,145,66,66,119,149,124,73,73,72,71,17,184,62,130,88,52,71,88,95,87,52,52,73,52,184,52,52,106,101,60,89,94,88,60,60,205,186,120,75,41,34,90,86,30,27,23,24,28,27,30,27,23,24,27,39,37,39,37,29,113,107,35,35,109,113,107,35,108,39,113,45,39,113,45,41,62,94,99,93,62,62,71,71,42,60,98,105,97,60,60,88,60,60,60,66,93,99,92,66,66,150,150,62,105,98,62,62,100,95,95,95,95,80,76,59,59,93,98,92,63,63,98,99,99,85,63,67,106,106,52,71,88,95,87,52,52,71,46,63,66,62,46,46,79,28,60,94,81,128,59,78,81,76,59,59,65,82,65,118,72,72,65,71,199,42,42,71,110,49,49,71,71,119,37,60,75,72,71,123,105,112,218,218,218,38,71,73,72,126,73,86,71,71,52,69,70,68,52,52,81,125,113,92,66,66,42,88,120,106,120,50,50,52,72,76,73,75,75
1999,110,115,52,110,115,52,100,100,103,103,36,12,37,26,18,39,38,14,93,34,1,52,51,38,94,94,55,49,42,60,63,59,42,42,73,157,143,65,65,117,144,127,73,73,71,70,15,183,62,130,88,52,70,87,95,87,52,52,72,52,183,52,52,105,99,60,88,94,88,60,60,202,185,124,74,40,33,86,83,29,26,23,23,27,27,29,26,23,23,27,38,36,38,36,28,111,105,35,35,109,111,105,35,107,39,111,45,39,111,45,41,62,93,99,93,62,62,70,70,42,60,97,105,97,60,60,88,60,60,60,66,92,99,92,66,66,154,154,62,105,98,62,62,100,95,95,95,95,78,74,58,58,92,98,92,63,63,98,98,99,83,63,66,101,101,52,70,87,95,87,52,52,70,45,62,65,61,45,45,78,28,58,95,81,130,57,76,78,73,57,57,65,82,65,114,72,72,65,70,197,43,43,70,110,50,50,70,70,122,36,57,74,71,70,123,102,104,218,218,218,36,70,72,72,127,72,80,70,70,50,68,68,66,50,50,80,125,111,88,63,63,42,88,124,105,120,47,47,52,71,76,73,74,75
2000,109,109,48,109,109,48,95,95,98,98,30,11,30,22,18,34,34,13,87,27,1,48,46,38,88,88,48,45,32,59,50,46,32,34,64,164,135,59,59,111,136,123,74,74,71,70,14,180,58,135,81,50,70,87,89,80,50,50,71,50,179,50,50,104,99,56,88,87,81,56,56,197,180,118,73,35,29,83,81,24,21,17,19,21,26,24,21,17,19,26,33,30,33,30,22,102,96,28,28,109,102,96,28,105,36,103,38,36,103,38,33,57,93,92,86,57,57,70,70,42,57,97,98,90,57,57,81,56,56,56,61,92,89,82,61,61,147,147,58,98,91,58,58,93,90,90,90,90,69,64,48,50,92,92,86,58,58,92,98,94,75,58,60,93,93,50,70,87,89,80,50,50,70,37,61,53,49,37,39,71,27,55,95,81,123,49,74,67,63,49,51,65,83,74,115,73,72,74,70,196,36,36,70,104,42,42,70,70,116,30,50,74,68,67,120,101,100,218,218,218,31,70,71,72,134,72,78,70,70,42,66,58,56,42,44,74,125,112,74,53,55,42,81,118,104,119,48,48,50,71,76,74,75,75
2001,103,106,50,103,106,50,94,94,97,97,30,10,30,20,18,35,35,14,86,27,1,50,47,38,87,87,47,44,32,46,48,44,32,33,62,169,131,57,57,110,133,119,72,72,68,68,13,179,57,130,79,50,68,80,87,78,50,50,69,50,178,50,50,103,99,55,81,85,79,55,55,196,177,114,73,33,28,77,75,23,21,16,17,21,22,23,21,16,17,22,32,29,32,29,21,99,93,27,27,101,99,93,27,96,37,100,36,37,100,36,31,57,86,90,84,57,57,68,68,43,56,90,95,87,56,56,79,55,55,55,60,82,87,80,60,60,145,145,57,95,88,57,57,90,89,89,89,89,67,62,47,48,86,90,84,57,57,90,92,92,75,57,59,91,91,50,68,80,87,78,50,50,68,36,49,51,47,36,37,69,22,50,91,79,119,47,63,65,61,47,48,65,81,74,107,71,70,74,68,196,34,34,68,101,42,42,68,68,112,29,48,71,65,65,113,96,95,218,218,218,30,68,69,70,129,71,77,68,68,41,56,55,53,41,42,71,125,112,72,51,52,44,79,114,103,118,48,48,50,68,75,72,73,73
2002,100,104,48,100,104,48,91,91,94,94,27,9,28,19,18,33,33,14,81,25,1,48,45,38,82,82,45,41,30,44,46,42,30,31,60,166,127,53,53,101,130,122,67,66,62,62,10,178,56,124,73,44,62,78,81,72,44,44,63,44,176,44,44,102,99,53,79,82,76,53,53,194,175,119,66,31,27,73,71,18,16,11,12,16,21,18,16,11,12,21,31,28,31,28,16,97,91,25,25,98,97,91,25,93,30,98,34,30,98,34,29,55,84,87,81,55,55,62,62,43,55,87,93,85,55,55,73,53,53,53,59,80,85,78,59,59,141,141,56,93,86,56,56,88,82,82,82,82,65,60,44,45,84,84,78,52,52,84,90,90,72,52,54,83,83,44,62,78,81,72,44,44,62,34,47,49,45,34,35,67,21,48,84,71,122,43,61,60,56,43,44,65,80,74,97,63,63,74,62,196,32,32,62,100,40,40,62,62,115,28,45,65,60,60,102,85,83,218,218,218,29,62,63,65,123,65,70,62,62,39,53,52,50,39,40,69,123,112,70,49,50,44,73,117,102,116,47,47,44,62,69,66,67,68
2003,98,104,47,98,104,47,89,89,92,92,27,9,28,19,18,33,32,13,79,25,1,47,45,38,80,80,45,41,28,42,43,39,28,29,59,169,128,54,54,99,128,123,64,65,60,60,10,178,55,118,71,43,60,72,79,70,43,43,61,43,176,43,43,102,99,52,76,81,75,52,52,193,174,118,62,30,26,73,71,18,16,11,12,16,16,18,16,11,12,16,31,28,31,28,16,97,90,25,25,95,97,90,25,91,29,98,34,29,98,34,29,53,81,85,79,53,53,60,60,43,54,85,92,84,54,54,71,52,52,52,58,78,84,77,58,58,141,141,55,92,85,55,55,87,80,80,80,80,62,57,43,44,78,82,76,50,50,82,84,89,71,50,52,77,77,43,60,72,79,70,43,43,60,31,45,46,42,31,32,66,16,45,77,69,123,40,56,57,53,40,41,65,81,75,90,61,61,75,60,196,32,32,60,101,39,39,60,60,116,28,45,61,57,57,98,81,80,218,218,218,29,60,61,63,119,64,67,60,60,36,50,49,47,36,37,68,121,112,67,48,49,44,71,118,102,114,47,47,43,60,67,65,66,67
2004,99,102,47,99,102,47,89,89,91,91,27,9,28,19,18,33,33,14,80,25,1,47,44,37,81,81,45,41,28,39,42,38,28,29,59,172,126,52,52,96,132,122,62,64,58,57,10,177,54,115,70,43,57,71,77,69,43,43,58,43,175,43,43,102,99,51,76,79,74,51,51,193,175,115,60,30,25,70,67,17,15,10,12,15,16,17,15,10,12,16,30,27,30,27,15,95,89,25,25,95,95,89,25,91,29,97,34,29,97,34,29,52,80,83,78,52,52,57,57,43,53,85,90,83,53,53,70,51,51,51,57,78,82,76,57,57,141,141,54,90,84,54,54,86,80,80,80,80,61,56,42,43,77,80,75,49,49,80,82,89,70,49,51,74,74,43,57,71,77,69,43,43,57,30,42,44,40,30,31,65,16,44,73,66,122,39,53,57,53,39,40,65,81,75,89,58,58,75,57,192,28,28,57,101,39,39,57,57,113,27,43,58,55,54,92,79,80,218,218,218,29,57,58,60,117,62,64,57,57,36,47,49,47,36,37,68,118,112,66,47,48,44,70,115,102,111,47,47,43,58,65,64,64,64
2005,98,101,46,98,101,46,81,81,84,84,27,9,28,19,18,33,31,12,71,25,1,46,44,37,72,72,46,42,28,39,42,39,28,29,58,169,126,49,50,83,122,123,49,50,45,44,10,167,53,116,69,41,44,70,76,68,41,42,45,41,165,41,42,102,99,49,75,77,71,49,50,191,172,115,45,29,24,67,64,17,15,10,12,15,15,17,15,10,12,15,30,27,30,27,15,94,87,24,25,90,94,87,24,90,29,95,33,29,95,33,28,50,79,82,77,50,51,44,44,73,52,84,89,82,52,52,69,49,49,50,55,77,81,75,55,56,138,138,53,89,82,53,53,84,71,71,71,71,60,55,40,41,76,79,74,47,48,79,80,87,68,47,50,61,61,41,44,70,76,68,41,42,44,30,41,44,41,30,31,64,15,41,62,51,122,37,54,55,51,37,38,65,79,73,75,45,45,73,44,192,26,27,44,100,37,38,44,44,113,27,41,51,27,21,81,68,71,218,218,218,29,44,45,49,115,49,52,44,44,35,47,49,46,35,36,67,111,112,63,45,46,74,69,115,102,108,47,47,41,45,51,50,50,49
2006,97,94,43,97,94,43,77,77,83,83,26,9,27,18,18,32,30,12,66,24,1,43,41,35,67,67,45,42,24,40,36,34,24,25,54,165,124,48,49,80,111,119,47,48,42,41,10,165,51,113,67,40,41,70,72,66,40,41,41,40,162,40,41,101,97,47,73,73,69,47,48,184,166,110,42,28,24,65,63,16,14,9,11,14,15,16,14,9,11,15,29,26,29,26,14,88,83,23,24,89,88,83,23,89,28,90,32,28,90,32,27,48,78,78,74,48,49,41,41,73,50,83,84,78,50,50,67,47,47,48,53,76,77,72,53,54,139,139,51,84,79,51,51,81,67,67,67,67,53,50,37,38,75,75,71,45,46,75,79,85,65,45,48,61,61,40,41,70,72,66,40,41,41,26,42,38,36,26,27,60,15,38,60,49,115,33,52,48,45,33,34,65,79,73,66,42,42,73,41,191,25,26,41,102,34,35,41,41,109,26,39,47,26,21,78,64,71,218,218,218,28,41,41,46,112,46,48,41,41,28,48,42,41,28,29,62,110,111,56,41,42,73,67,111,101,106,45,45,40,42,50,48,48,47
2007,90,89,43,90,89,43,73,73,79,79,26,9,27,18,18,32,30,12,61,24,1,43,41,35,62,62,45,42,24,34,36,34,24,25,53,163,119,44,45,77,106,120,44,45,39,38,10,157,49,113,62,39,38,67,67,62,39,40,38,39,155,39,40,101,97,45,69,69,65,45,46,181,164,113,39,26,22,60,58,16,14,9,11,14,14,16,14,9,11,14,29,26,29,26,14,83,78,22,24,83,83,78,22,83,28,85,31,28,85,31,26,46,74,74,70,46,47,38,38,73,48,79,80,75,48,48,62,45,45,46,52,72,74,69,52,53,140,140,49,80,75,49,49,76,62,62,62,62,50,47,35,36,71,71,67,43,44,71,75,81,62,43,46,54,54,39,38,67,67,62,39,40,38,25,36,38,36,25,26,59,14,36,59,46,119,32,45,46,43,32,33,65,79,73,63,39,39,73,38,191,25,26,38,104,34,35,38,38,112,26,37,45,27,22,76,56,68,218,218,218,28,38,38,42,111,43,45,38,38,28,41,41,40,28,29,61,107,110,53,38,39,73,62,114,101,103,44,44,39,39,46,45,44,44
2008,85,88,43,85,88,43,73,73,79,79,26,9,27,16,18,32,30,12,60,25,1,43,41,35,61,61,45,41,22,34,33,31,22,23,51,156,118,44,45,70,103,120,38,39,37,36,8,156,47,106,60,36,36,62,65,60,36,38,36,36,154,36,38,97,96,43,65,67,63,43,44,180,164,113,37,25,22,57,56,13,11,8,10,11,14,13,11,8,10,14,28,24,28,24,11,81,77,21,23,79,81,77,21,79,27,83,28,27,83,28,23,45,70,72,68,45,46,36,36,74,46,75,77,72,46,46,60,43,43,44,50,69,73,68,50,51,142,142,47,77,72,47,47,73,61,61,61,61,48,45,34,35,67,69,65,42,43,69,71,79,59,42,44,49,49,36,36,62,65,60,36,38,36,23,36,34,32,23,24,56,14,35,52,40,117,30,43,43,40,30,31,65,78,75,59,37,37,75,36,191,24,25,36,108,32,33,36,36,110,24,34,44,25,21,69,53,68,218,218,218,26,36,36,40,103,41,42,36,36,25,40,37,36,25,26,58,105,108,51,37,38,75,60,113,97,102,43,43,36,37,40,39,38,38
2009,84,86,42,84,86,42,71,71,78,78,25,9,26,16,18,31,29,12,58,24,1,42,40,35,59,59,46,43,21,31,32,30,21,22,50,154,117,44,45,71,105,118,36,36,35,34,8,154,47,101,59,36,34,60,64,59,36,38,34,36,151,36,38,97,96,43,63,66,62,43,44,178,162,110,36,25,22,58,57,12,10,7,10,10,11,12,10,7,10,11,27,23,27,23,10,79,75,20,23,77,79,75,20,77,27,81,27,27,81,27,22,45,68,70,66,45,46,34,34,73,46,72,75,70,46,46,59,43,43,44,50,68,71,66,50,51,142,142,47,75,70,47,47,71,60,60,60,60,48,45,34,35,65,67,63,42,43,67,69,77,58,42,44,45,45,36,34,60,64,59,36,38,34,22,32,33,31,22,23,55,11,32,51,38,119,29,40,42,39,29,30,65,77,74,56,35,35,74,34,191,23,25,34,111,30,32,34,34,109,23,32,39,25,21,67,51,63,218,218,218,26,34,34,37,98,40,40,34,34,24,36,36,35,24,25,56,104,108,49,37,38,74,59,111,97,102,43,43,36,35,38,36,35,35
2010,83,82,42,83,82,42,70,70,77,77,22,9,23,15,18,30,27,13,56,21,1,42,40,35,57,57,46,43,21,31,30,29,21,22,49,152,112,46,47,73,100,116,36,36,33,33,7,140,45,97,56,36,33,60,60,56,36,37,33,36,136,36,37,97,96,41,63,62,58,41,42,178,165,109,35,26,23,56,55,12,11,7,9,11,11,12,11,7,9,11,27,23,27,23,11,75,71,18,20,76,75,71,18,76,24,78,25,24,78,25,21,43,67,65,61,43,44,33,33,74,44,71,71,66,44,44,56,41,41,42,48,67,68,63,48,49,143,143,45,71,66,45,45,67,57,57,57,57,40,37,28,29,64,62,58,40,41,62,67,73,56,40,42,44,44,36,33,60,60,56,36,37,33,20,32,30,28,20,21,54,11,30,50,38,117,28,41,38,37,28,29,65,76,74,55,34,34,74,33,191,20,22,33,116,28,30,33,33,107,23,28,39,24,21,66,46,66,218,218,218,25,33,33,36,95,37,39,33,33,21,35,32,30,21,22,53,103,108,42,32,33,74,56,109,97,100,43,43,36,33,38,36,36,36
2011,79,78,39,79,78,39,68,68,74,74,21,9,20,13,18,28,25,13,54,18,1,39,37,32,55,55,43,41,20,29,30,28,20,20,49,152,110,49,49,73,100,115,34,34,31,31,5,137,44,93,54,36,31,57,58,54,36,36,31,36,133,36,36,97,96,41,59,60,56,41,41,177,168,108,33,24,21,51,50,11,10,6,6,10,11,11,10,6,6,11,26,22,26,22,10,73,69,17,17,71,73,69,17,72,23,77,24,23,77,24,20,43,62,63,59,43,43,31,31,76,44,67,70,65,44,44,54,41,41,41,48,64,66,61,48,48,140,140,44,70,65,44,44,66,56,56,56,56,39,35,27,27,59,61,57,40,40,61,62,72,47,40,42,40,40,36,31,57,58,54,36,36,31,18,28,30,27,18,18,54,11,26,51,36,115,26,37,38,36,26,26,65,79,77,53,32,32,77,31,191,19,19,31,120,26,26,31,31,106,18,16,36,23,22,63,45,67,218,218,218,21,31,31,34,90,33,37,31,31,20,30,31,28,20,20,52,104,109,40,31,31,76,54,108,97,101,44,44,36,31,36,34,35,33
2012,76,77,41,76,77,41,67,67,73,73,22,9,21,14,18,29,26,13,54,19,1,41,39,33,54,54,44,42,18,29,28,27,18,18,49,152,112,49,49,71,99,115,34,34,31,31,5,134,45,87,56,37,31,56,58,56,37,37,31,37,127,37,37,97,95,42,58,60,58,42,42,176,167,107,32,24,20,52,51,12,11,8,8,11,11,12,11,8,8,11,26,24,26,24,11,71,69,18,18,70,71,69,18,71,23,75,26,23,75,26,21,44,61,63,61,44,44,31,31,77,45,67,69,66,45,45,56,42,42,42,49,63,66,63,49,49,142,142,45,69,66,45,45,67,56,56,56,56,36,33,25,25,59,60,58,41,41,60,61,71,53,41,43,39,39,37,31,56,58,56,37,37,31,16,28,28,26,16,16,54,11,27,47,35,115,25,37,36,35,25,25,65,80,77,48,31,31,77,31,191,19,19,31,127,25,25,31,31,105,20,24,35,24,22,64,45,66,218,218,218,22,31,31,33,85,34,36,31,31,17,29,28,26,17,17,51,102,108,38,29,29,77,56,107,97,100,43,43,37,31,36,34,35,33
2013,76,76,40,76,76,40,67,67,73,73,21,9,20,13,18,28,24,12,54,18,1,40,38,33,54,54,43,41,17,27,27,26,17,17,48,152,110,55,55,71,100,115,34,34,32,32,4,130,45,90,55,35,32,56,57,55,35,35,32,35,121,35,35,96,95,41,59,59,58,41,41,176,168,106,34,23,20,51,50,10,9,7,7,9,11,10,9,7,7,11,24,22,24,22,9,70,69,17,17,70,70,69,17,70,21,74,24,21,74,24,19,42,62,62,61,42,42,32,32,77,45,66,68,65,45,45,55,41,41,41,48,63,65,62,48,48,140,140,45,68,66,45,45,67,56,56,56,56,35,32,23,23,59,59,58,40,40,59,60,70,53,40,42,39,39,35,32,56,57,55,35,35,32,14,26,27,25,14,14,53,11,30,47,35,115,24,35,35,34,24,24,65,79,77,51,32,32,77,32,191,18,18,32,166,25,25,32,32,105,20,24,36,23,22,62,45,65,218,218,218,21,32,32,34,87,35,36,32,32,17,26,27,25,17,17,50,103,107,36,27,27,77,55,107,96,99,42,42,35,32,37,34,37,34
2014,75,76,39,75,76,39,63,63,68,68,20,9,19,13,18,27,23,12,50,17,1,39,37,33,50,50,42,40,18,26,27,26,18,18,48,153,112,55,55,64,97,112,31,30,29,29,4,126,45,81,54,34,29,55,56,54,34,34,29,34,117,34,34,96,95,41,58,58,57,41,41,175,168,105,30,22,19,47,46,10,8,6,6,8,9,10,8,6,6,9,24,23,24,23,9,69,68,16,16,69,69,68,16,69,20,73,24,20,73,24,18,42,61,61,60,42,42,29,29,78,45,65,67,64,45,45,54,41,41,41,48,63,64,62,48,48,143,143,45,67,65,45,45,66,54,54,54,54,34,31,23,23,58,58,57,40,40,58,59,69,54,40,42,37,37,34,29,55,56,54,34,34,29,14,25,26,24,14,14,53,9,31,43,32,113,24,34,34,33,24,24,65,80,78,49,29,29,78,29,191,17,17,29,218,24,24,29,29,104,21,25,32,23,22,58,40,61,218,218,218,22,29,29,32,79,33,33,29,29,16,25,26,24,16,16,50,102,107,35,27,27,78,54,105,96,99,42,42,34,29,33,30,32,31
2015,76,39,39,76,39,39,62,62,66,66,21,9,20,14,18,28,23,11,50,18,1,39,38,33,50,50,42,40,18,27,18,26,18,18,45,154,113,56,56,65,94,117,32,31,31,30,5,104,44,78,54,33,30,56,33,54,33,33,30,33,94,33,33,95,93,40,58,40,56,40,40,177,170,108,31,24,20,48,46,8,9,8,8,10,9,8,9,8,8,9,24,23,24,23,10,17,66,17,17,69,17,66,17,69,19,70,24,19,70,24,19,40,61,40,59,40,40,30,30,78,44,66,44,64,44,44,54,40,40,40,46,64,46,62,46,46,142,142,44,44,64,44,44,65,54,54,54,54,22,32,22,22,58,38,56,38,38,38,58,68,52,38,40,38,38,33,30,56,33,54,33,33,30,14,26,14,25,14,14,44,10,32,42,32,115,24,34,24,33,24,24,65,81,78,46,30,30,78,30,191,18,18,30,218,24,24,30,30,107,21,25,34,24,22,58,41,62,218,218,218,22,30,30,33,76,34,35,30,30,16,26,16,25,16,16,45,100,105,35,26,26,78,54,109,95,97,42,42,33,31,33,31,33,31
2016,75,75,40,75,75,40,64,64,68,68,22,9,21,15,18,29,24,11,52,19,1,40,39,33,52,52,43,41,18,27,27,26,18,18,49,154,111,56,56,65,90,117,32,31,31,30,5,96,45,79,54,34,30,55,55,54,34,34,30,34,86,34,34,95,93,41,57,57,56,41,41,175,169,109,32,25,20,47,44,11,9,8,8,10,10,11,9,8,8,10,24,24,24,24,10,67,66,18,18,69,67,66,18,67,20,69,25,20,69,25,20,41,59,59,58,41,41,30,30,78,45,65,66,64,45,45,54,41,41,41,47,62,62,62,47,47,143,143,45,66,64,45,45,65,56,56,56,56,32,31,22,22,56,56,55,39,39,56,56,67,54,39,41,38,38,34,30,55,55,54,34,34,30,15,26,26,25,15,15,54,11,32,41,32,116,23,34,34,33,23,23,65,82,78,46,30,30,78,30,191,19,19,30,218,25,25,30,30,109,22,27,35,25,22,58,42,64,218,218,218,23,30,30,33,78,34,34,30,30,15,26,26,25,15,15,51,101,105,35,26,26,78,54,111,95,97,42,42,34,31,32,31,34,31
2017,75,76,40,75,76,40,66,66,70,70,22,9,20,15,18,28,24,11,54,18,1,40,39,33,54,54,43,41,18,26,27,26,18,18,49,156,110,56,56,70,94,118,37,36,35,35,5,93,46,78,55,34,35,55,56,55,34,34,35,34,84,34,34,95,93,42,57,58,57,42,42,174,169,109,35,25,20,47,44,11,8,8,8,9,9,11,8,8,8,9,24,24,24,24,9,68,66,17,17,69,68,66,17,67,19,24,24,19,24,24,18,41,59,60,59,41,41,34,34,78,46,65,67,65,46,46,55,42,42,42,48,63,63,63,48,48,145,145,46,67,65,46,46,66,60,60,60,60,32,31,22,22,56,57,56,40,40,57,57,54,54,40,41,42,42,34,35,55,56,55,34,34,35,15,25,26,25,15,15,54,10,37,45,36,116,24,34,35,34,24,24,65,82,78,48,35,35,78,35,191,18,18,35,218,26,26,34,34,109,22,27,38,25,23,61,47,58,218,218,218,23,34,34,35,79,39,37,34,34,15,25,26,25,15,15,51,104,106,35,27,27,78,55,111,95,100,43,43,34,34,37,36,38,36
2018,75,76,39,75,76,39,67,67,71,71,22,9,20,15,18,28,24,11,56,18,1,39,38,32,56,56,43,41,19,26,27,26,19,19,49,154,113,60,60,67,92,117,38,37,36,36,5,86,48,85,55,36,36,55,56,55,36,36,36,36,76,36,36,95,93,44,57,58,57,44,44,175,173,112,36,25,20,48,46,11,8,8,8,9,8,11,8,8,8,8,24,24,24,24,9,69,66,17,17,68,69,66,17,66,19,68,24,19,68,24,18,43,59,60,59,43,43,35,35,81,48,65,67,65,48,48,55,44,44,44,50,63,63,63,50,50,145,145,48,67,65,48,48,66,62,62,62,62,32,31,23,23,56,57,56,42,42,57,57,67,63,42,43,42,42,36,36,55,56,55,36,36,36,16,25,26,25,16,16,54,9,40,47,37,118,25,34,35,34,25,25,65,85,81,50,36,36,81,36,191,18,18,36,218,29,29,35,35,111,24,42,39,25,23,63,47,59,218,218,218,24,35,35,36,86,40,38,35,35,16,25,26,25,16,16,51,104,108,35,28,28,81,55,114,95,100,44,44,36,35,38,37,39,37
2019,76,77,41,76,77,41,71,71,74,74,22,10,21,17,19,28,25,12,60,19,2,41,40,34,60,60,44,42,20,28,29,28,20,20,53,151,115,62,62,66,87,123,38,38,37,37,5,85,51,87,56,40,37,56,57,56,40,40,37,40,76,40,40,96,93,48,58,59,58,48,48,177,175,115,37,26,21,47,45,12,9,8,8,9,9,11,9,7,7,9,24,24,24,24,10,69,66,17,17,68,69,66,17,66,18,68,24,18,68,24,18,47,60,61,60,47,47,36,36,81,51,66,67,66,51,51,56,48,48,48,53,64,64,64,53,53,148,148,51,67,66,51,51,66,65,65,65,65,35,34,24,24,57,58,57,46,46,58,58,67,66,46,47,41,41,40,37,56,57,56,40,40,37,17,27,28,27,17,17,58,10,41,46,38,120,27,36,37,36,27,27,65,86,81,50,37,37,81,37,191,18,18,37,218,29,29,36,36,115,24,42,40,26,24,66,48,54,218,218,218,24,36,36,37,88,40,39,36,36,17,27,28,27,17,17,55,104,111,36,29,29,81,56,117,96,100,47,47,40,36,39,38,40,39
2020,80,81,44,80,81,44,74,74,77,77,27,10,26,18,19,33,28,12,63,25,2,44,44,34,63,63,47,43,23,28,29,28,23,23,218,157,117,67,67,65,87,124,39,39,38,38,5,86,55,92,58,43,38,58,59,57,43,43,38,43,76,43,43,96,93,50,60,61,59,50,50,178,176,121,39,27,22,51,49,12,9,9,9,10,9,11,10,8,8,10,24,25,24,25,10,74,70,18,18,73,74,70,18,71,20,72,25,19,72,25,19,50,63,64,62,50,50,37,37,81,55,69,70,68,55,55,58,50,50,50,55,66,66,65,55,55,148,148,55,70,68,55,55,68,67,67,67,67,35,34,27,27,60,61,59,49,49,61,61,70,74,49,50,42,42,43,38,58,59,57,43,43,38,20,27,28,27,20,20,218,10,47,47,39,122,30,37,38,37,30,30,65,87,81,50,38,38,81,38,191,20,20,38,218,31,31,37,37,119,24,49,39,26,24,66,49,55,218,218,218,24,37,37,37,93,41,40,37,37,20,27,28,27,20,20,218,105,114,36,31,31,81,58,120,96,98,50,50,43,37,39,39,41,39
2021,85,86,49,85,86,49,94,94,100,100,32,10,32,24,19,38,33,12,84,31,2,49,49,35,84,84,58,54,29,32,33,32,29,30,218,167,120,71,72,70,94,135,44,44,43,43,6,90,58,112,63,48,43,63,64,63,48,49,43,48,78,48,49,98,95,53,63,64,63,53,54,182,180,128,44,26,21,50,48,14,11,10,11,11,11,13,12,9,10,12,24,25,24,25,12,78,74,19,19,76,78,74,19,75,21,75,25,20,75,25,20,55,66,67,66,55,56,42,42,81,58,72,73,72,58,59,63,53,53,54,58,70,71,70,58,59,154,154,58,73,72,58,59,72,74,74,74,74,39,38,32,33,64,65,64,54,55,65,65,74,79,54,55,47,47,48,43,63,64,63,48,49,43,26,31,32,31,26,27,218,12,49,52,44,128,41,46,47,46,41,42,66,87,81,55,43,43,81,43,191,20,20,43,218,36,36,42,42,126,24,51,42,26,24,71,53,61,218,218,218,24,42,42,42,112,46,45,42,42,26,31,32,31,26,27,218,112,122,40,36,37,81,63,127,96,101,58,58,48,42,45,44,49,45
2022,218,218,218,218,218,218,218,218,218,218,218,218,218,218,218,218,218,218,218,218,218,218,218,218,218,218,218,218,48,48,48,48,48,49,218,206,134,91,92,82,101,218,62,61,59,59,6,97,71,198,76,62,59,76,76,76,62,63,59,62,87,62,63,103,96,67,76,76,76,67,68,189,188,218,61,33,24,54,50,24,23,23,24,23,23,23,24,22,23,24,30,32,30,32,23,93,91,31,31,91,93,91,31,91,32,91,34,31,91,34,31,70,79,79,79,70,71,59,59,82,71,84,84,84,71,72,76,67,67,68,74,82,82,82,74,75,166,166,71,84,84,71,72,85,93,93,93,93,55,55,51,52,79,79,79,70,71,79,79,82,89,70,72,65,65,62,59,76,76,76,62,63,59,46,48,48,48,46,47,218,23,53,68,61,218,62,65,65,65,62,63,218,94,82,72,59,59,82,59,194,39,39,59,218,54,54,59,59,218,31,53,55,32,24,85,67,71,123,125,116,31,59,59,60,198,62,62,59,59,47,49,49,49,47,48,218,123,131,57,54,55,82,76,218,101,105,69,69,62,59,61,61,61,61
2023,218,218,218,218,218,218,218,218,218,218,218,218,218,218,218,218,218,218,218,218,218,218,218,218,218,218,218,218,218,218,218,218,218,218,218,218,218,218,218,218,218,218,218,218,218,218,218,218,218,218,218,218,218,218,218,218,218,218,218,218,218,218,218,218,218,218,218,218,218,218,218,218,218,218,218,218,218,218,218,218,218,218,218,218,218,218,218,218,218,218,218,218,218,218,218,218,218,218,218,218,218,218,218,218,218,218,218,218,218,218,218,218,218,218,218,218,218,218,218,218,218,218,218,218,218,218,218,218,218,218,218,218,218,218,218,218,218,218,218,218,218,218,218,218,218,218,218,218,218,218,218,218,218,218,218,218,218,218,218,218,218,218,218,218,218,218,218,218,218,218,218,218,218,218,218,218,218,218,218,218,218,218,218,218,218,218,218,218,218,218,218,218,218,218,218,218,218,218,218,218,218,218,218,218,218,218,218,218,218,218,218,218,218,218,218,218,218,218,218,218,218,218,218,218,218,218,218,218,218,218,218,218,218,218,218,218,218,218,218,218,218,218,218,218,218,218,218,218,218,218,218,218,218,218
