anho,SH.STA.ARIC.ZS,SP.ADO.TFRT,SH.HIV.INCD.TL,SH.HIV.INCD,SP.POP.DPND,SP.POP.DPND.OL,SP.POP.DPND.YG,SH.HIV.ARTC.ZS,SH.HIV.PMTC.ZS,SP.DYN.CBRT.IN,SH.STA.BRTC.ZS,SH.DTH.COMM.ZS,SH.DTH.INJR.ZS,SH.DTH.NCOM.ZS,SH.HIV.0014,SH.HIV.INCD.14,SH.MLR.TRET.ZS,SH.MED.CMHW.P3,SP.REG.BRTH.ZS,SP.REG.BRTH.FE.ZS,SP.REG.BRTH.MA.ZS,SP.REG.BRTH.RU.ZS,SP.REG.BRTH.UR.ZS,SP.REG.DTHS.ZS,SH.CON.1524.FE.ZS,SH.CON.1524.MA.ZS,SN.ITK.SALT.ZS,SP.DYN.CONU.ZS,SP.DYN.CONM.ZS,SH.XPD.CHEX.GD.ZS,SH.XPD.CHEX.PC.CD,SH.XPD.CHEX.PP.CD,SP.DYN.CDRT.IN,SH.FPL.SATM.ZS,SH.STA.DIAB.ZS,SH.STA.ORCF.ZS,SH.STA.ORTH,SH.XPD.GHED.GD.ZS,SH.XPD.GHED.CH.ZS,SH.XPD.GHED.GE.ZS,SH.XPD.GHED.PC.CD,SH.XPD.GHED.PP.CD,SH.XPD.PVTD.CH.ZS,SH.XPD.PVTD.PC.CD,SH.XPD.PVTD.PP.CD,SH.STA.BFED.ZS,SH.XPD.EHEX.CH.ZS,SH.XPD.EHEX.PC.CD,SH.XPD.EHEX.PP.CD,SH.STA.FGMS.ZS,SP.HOU.FEMA.ZS,SP.DYN.TFRT.IN,SH.MED.BEDS.ZS,SH.IMM.IDPT,SH.IMM.HEPB,SH.IMM.MEAS,SH.HIV.INCD.YG.P3,SH.HIV.INCD.ZS,SH.HIV.INCD.TL.P3,SH.MLR.INCD.P3,SH.TBS.INCD,SM.POP.TOTL.ZS,SM.POP.TOTL,SP.DYN.LE00.FE.IN,SP.DYN.LE00.MA.IN,SP.DYN.LE00.IN,SH.MMR.RISK.ZS,SH.MMR.RISK,SH.STA.BRTW.ZS,SH.STA.MMRT,SH.STA.MMRT.NE,SH.STA.TRAF.P5,SH.DYN.NCOM.ZS,SH.DYN.NCOM.FE.ZS,SH.DYN.NCOM.MA.ZS,SH.STA.AIRP.P5,SH.STA.AIRP.FE.P5,SH.STA.AIRP.MA.P5,SH.STA.POIS.P5,SH.STA.POIS.P5.FE,SH.STA.POIS.P5.MA,SH.STA.WASH.P5,SP.DYN.AMRT.FE,SP.DYN.AMRT.MA,SP.DYN.IMRT.IN,SP.DYN.IMRT.FE.IN,SP.DYN.IMRT.MA.IN,SH.DYN.NMRT,SH.DYN.MORT,SH.DYN.MORT.FE,SH.DYN.MORT.MA,SM.POP.NETM,SH.VAC.TTNS.ZS,SH.DTH.IMRT,SH.MMR.DTHS,SH.DTH.NMRT,SH.SGR.PROC.P5,SH.DTH.MORT,SH.MED.NUMW.P3,SH.XPD.OOPC.CH.ZS,SH.XPD.OOPC.PC.CD,SH.XPD.OOPC.PP.CD,SH.STA.ODFC.ZS,SH.STA.ODFC.RU.ZS,SH.STA.ODFC.UR.ZS,SH.H2O.BASW.ZS,SH.H2O.BASW.RU.ZS,SH.H2O.BASW.UR.ZS,SH.STA.BASS.ZS,SH.STA.BASS.RU.ZS,SH.STA.BASS.UR.ZS,SH.H2O.SMDW.ZS,SH.H2O.SMDW.RU.ZS,SH.H2O.SMDW.UR.ZS,SH.STA.SMSS.ZS,SH.STA.SMSS.RU.ZS,SH.STA.SMSS.UR.ZS,SH.STA.HYGN.ZS,SH.STA.HYGN.RU.ZS,SH.STA.HYGN.UR.ZS,SH.MED.PHYS.ZS,SP.POP.0014.TO.ZS,SP.POP.0014.FE.IN,SP.POP.0014.FE.ZS,SP.POP.0014.MA.IN,SP.POP.0014.MA.ZS,SP.POP.0014.TO,SP.POP.0004.FE.5Y,SP.POP.0004.MA.5Y,SP.POP.0509.FE.5Y,SP.POP.0509.MA.5Y,SP.POP.1014.FE.5Y,SP.POP.1014.MA.5Y,SP.POP.1519.FE.5Y,SP.POP.1519.MA.5Y,SP.POP.1564.TO.ZS,SP.POP.1564.FE.IN,SP.POP.1564.FE.ZS,SP.POP.1564.MA.IN,SP.POP.1564.MA.ZS,SP.POP.1564.TO,SP.POP.2024.FE.5Y,SP.POP.2024.MA.5Y,SP.POP.2529.FE.5Y,SP.POP.2529.MA.5Y,SP.POP.3034.FE.5Y,SP.POP.3034.MA.5Y,SP.POP.3539.FE.5Y,SP.POP.3539.MA.5Y,SP.POP.4044.FE.5Y,SP.POP.4044.MA.5Y,SP.POP.4549.FE.5Y,SP.POP.4549.MA.5Y,SP.POP.5054.FE.5Y,SP.POP.5054.MA.5Y,SP.POP.5559.FE.5Y,SP.POP.5559.MA.5Y,SP.POP.6064.FE.5Y,SP.POP.6064.MA.5Y,SP.POP.65UP.TO.ZS,SP.POP.65UP.FE.IN,SP.POP.65UP.FE.ZS,SP.POP.65UP.MA.IN,SP.POP.65UP.MA.ZS,SP.POP.65UP.TO,SP.POP.6569.FE.5Y,SP.POP.6569.MA.5Y,SP.POP.7074.FE.5Y,SP.POP.7074.MA.5Y,SP.POP.7579.FE.5Y,SP.POP.7579.MA.5Y,SP.POP.80UP.FE.5Y,SP.POP.80UP.MA.5Y,SP.POP.GROW,SP.POP.TOTL.FE.IN,SP.POP.TOTL.FE.ZS,SP.POP.TOTL.MA.IN,SP.POP.TOTL.MA.ZS,SP.POP.TOTL,SH.STA.ANVC.ZS,SH.HIV.1524.FE.ZS,SH.HIV.1524.MA.ZS,SH.DYN.AIDS.ZS,SH.ANM.CHLD.ZS,SH.ANM.NPRG.ZS,SH.PRG.ANEM,SH.ANM.ALLW.ZS,SH.PRV.SMOK,SH.PRV.SMOK.FE,SH.PRV.SMOK.MA,SN.ITK.MSFI.ZS,SH.STA.OWGH.ME.ZS,SH.STA.OWGH.ZS,SH.STA.OWGH.FE.ZS,SH.STA.OWGH.MA.ZS,SN.ITK.SVFI.ZS,SH.SVR.WAST.ZS,SH.SVR.WAST.FE.ZS,SH.SVR.WAST.MA.ZS,SH.STA.STNT.ZS,SH.STA.STNT.ME.ZS,SH.STA.STNT.FE.ZS,SH.STA.STNT.MA.ZS,SN.ITK.DEFC.ZS,SH.STA.MALN.ZS,SH.STA.MALN.FE.ZS,SH.STA.MALN.MA.ZS,SH.STA.WAST.ZS,SH.STA.WAST.FE.ZS,SH.STA.WAST.MA.ZS,SH.UHC.NOP1.ZS,SH.UHC.NOP2.ZS,SH.UHC.NOPR.ZS,SH.UHC.FBP1.ZS,SH.UHC.FBP2.ZS,SH.UHC.FBPR.ZS,SH.UHC.TOT1.ZS,SH.UHC.TOT2.ZS,SH.UHC.TOTR.ZS,SH.UHC.OOPC.10.ZS,SH.UHC.OOPC.25.ZS,SG.VAW.1549.ZS,SM.POP.REFG,SM.POP.REFG.OR,SH.SGR.CRSK.ZS,SH.SGR.IRSK.ZS,SP.POP.BRTH.MF,SH.MED.SAOP.P5,SH.STA.SUIC.P5,SH.STA.SUIC.FE.P5,SH.STA.SUIC.MA.P5,SP.DYN.TO65.FE.ZS,SP.DYN.TO65.MA.ZS,SP.MTR.1519.ZS,SH.ALC.PCAP.LI,SH.ALC.PCAP.FE.LI,SH.ALC.PCAP.MA.LI,SH.TBS.DTEC.ZS,SH.TBS.CURE.ZS,SH.UHC.SRVS.CV.XD,SP.UWT.TFRT,SH.MLR.NETS.ZS,SN.ITK.VITA.ZS,SP.DYN.WFRT,SG.VAW.REAS.ZS,SG.VAW.ARGU.ZS,SG.VAW.BURN.ZS,SG.VAW.GOES.ZS,SG.VAW.NEGL.ZS,SG.VAW.REFU.ZS,SP.M15.2024.FE.ZS,SP.M18.2024.FE.ZS,SH.DYN.AIDS.FE.ZS,SH.HIV.INCD.YG
1960,266,1,266,266,2,2,2,266,266,12,266,266,266,266,266,266,266,266,266,266,266,266,266,266,266,266,266,266,266,266,266,266,12,266,266,266,266,266,266,266,266,266,266,266,266,266,266,266,266,266,266,13,102,266,266,266,266,266,266,266,266,266,33,14,14,14,266,266,266,266,266,266,266,266,266,266,266,266,266,266,266,266,13,13,149,149,149,217,143,149,149,1,266,152,266,232,266,171,266,266,266,266,266,266,266,266,266,266,266,266,266,266,266,266,266,266,266,266,266,266,129,1,2,1,2,1,2,1,1,1,1,1,1,1,1,1,2,1,2,1,2,1,1,1,1,1,1,1,1,1,1,1,1,1,1,1,1,1,1,1,2,1,2,1,2,1,1,1,1,1,1,1,1,266,2,1,2,1,2,266,266,266,266,266,266,266,266,266,266,266,266,266,266,266,266,266,266,266,266,266,266,266,266,266,266,266,266,266,266,266,266,266,266,266,266,266,266,266,266,266,266,266,243,265,266,266,1,266,266,266,266,1,1,266,266,266,266,266,266,266,266,266,266,266,266,266,266,266,266,266,266,266,266,266
1961,266,1,266,266,2,2,2,266,266,13,266,266,266,266,266,266,266,266,266,266,266,266,266,266,266,266,266,265,265,266,266,266,13,266,266,266,266,266,266,266,266,266,266,266,266,266,266,266,266,266,266,14,264,266,266,266,266,266,266,266,266,266,266,13,13,13,266,266,266,266,266,266,266,266,266,266,266,266,266,266,266,266,14,14,148,148,148,216,142,148,148,1,266,149,266,217,266,161,266,266,266,266,266,266,266,266,266,266,266,266,266,266,266,266,266,266,266,266,266,266,248,1,2,1,2,1,2,1,1,1,1,1,1,1,1,1,2,1,2,1,2,1,1,1,1,1,1,1,1,1,1,1,1,1,1,1,1,1,1,1,2,1,2,1,2,1,1,1,1,1,1,1,1,2,2,1,2,1,2,266,266,266,266,266,266,266,266,266,266,266,266,266,266,266,266,266,266,266,266,266,266,266,266,266,266,266,266,266,266,266,266,266,266,266,266,266,266,266,266,266,266,266,238,263,266,266,1,266,266,266,266,1,1,266,266,266,266,266,266,266,266,266,266,266,266,266,266,266,266,266,266,266,266,266
1962,266,1,266,266,2,2,2,266,266,12,266,266,266,266,266,266,266,266,266,266,266,266,266,266,266,266,266,266,266,266,266,266,12,266,266,266,266,266,266,266,266,266,266,266,266,266,266,266,266,266,266,13,264,266,266,266,266,266,266,266,266,266,266,13,13,13,266,266,266,266,266,266,266,266,266,266,266,266,266,266,266,266,14,14,147,147,147,216,140,147,147,1,266,148,266,217,266,160,266,266,266,266,266,266,266,266,266,266,266,266,266,266,266,266,266,266,266,266,266,266,250,1,2,1,2,1,2,1,1,1,1,1,1,1,1,1,2,1,2,1,2,1,1,1,1,1,1,1,1,1,1,1,1,1,1,1,1,1,1,1,2,1,2,1,2,1,1,1,1,1,1,1,1,2,2,1,2,1,2,266,266,266,266,266,266,266,266,266,266,266,266,266,266,266,266,266,266,266,266,266,266,266,266,266,266,266,266,266,266,266,266,266,266,266,266,266,266,266,266,266,266,266,237,263,266,266,1,266,266,266,266,1,1,266,266,266,266,266,266,266,266,266,266,266,266,266,266,266,266,266,266,266,266,266
1963,266,1,266,266,2,2,2,266,266,13,266,266,266,266,266,266,266,266,266,266,266,266,266,266,266,266,266,264,264,266,266,266,13,266,266,266,266,266,266,266,266,266,266,266,266,266,266,266,266,266,266,14,264,266,266,266,266,266,266,266,266,266,266,14,14,14,266,266,266,266,266,266,266,266,266,266,266,266,266,266,266,266,14,14,142,142,142,213,137,142,142,1,266,147,266,217,266,157,266,266,266,266,266,266,266,266,266,266,266,266,266,266,266,266,266,266,266,266,266,266,250,1,2,1,2,1,2,1,1,1,1,1,1,1,1,1,2,1,2,1,2,1,1,1,1,1,1,1,1,1,1,1,1,1,1,1,1,1,1,1,2,1,2,1,2,1,1,1,1,1,1,1,1,2,2,1,2,1,2,266,266,266,266,266,266,266,266,266,266,266,266,266,266,266,266,266,266,266,266,266,266,266,266,266,266,266,266,266,266,266,266,266,266,266,266,266,266,266,266,266,266,266,236,261,266,266,1,266,266,266,266,1,1,266,266,266,266,266,266,266,266,266,266,266,266,266,266,266,266,266,266,266,266,266
1964,266,1,266,266,2,2,2,266,266,13,266,266,266,266,266,266,266,266,266,266,266,266,266,266,266,266,266,266,266,266,266,266,13,266,266,266,266,266,266,266,266,266,266,266,266,266,266,266,266,266,266,13,264,266,266,266,266,266,266,266,266,266,266,14,14,14,266,266,266,266,266,266,266,266,266,266,266,266,266,266,266,266,14,14,138,138,138,209,134,138,138,1,266,142,266,213,266,152,266,266,266,266,266,266,266,266,266,266,266,266,266,266,266,266,266,266,266,266,266,266,250,1,2,1,2,1,2,1,1,1,1,1,1,1,1,1,2,1,2,1,2,1,1,1,1,1,1,1,1,1,1,1,1,1,1,1,1,1,1,1,2,1,2,1,2,1,1,1,1,1,1,1,1,2,2,1,2,1,2,266,266,266,266,266,266,266,266,266,266,266,266,266,266,266,266,266,266,266,266,266,266,266,266,266,266,266,266,266,266,266,266,266,266,266,266,266,266,266,266,266,266,266,233,254,266,266,1,266,266,266,266,1,1,266,266,266,266,266,266,266,266,266,266,266,266,266,266,266,266,266,266,266,266,266
1965,266,1,266,266,2,2,2,266,266,13,266,266,266,266,266,266,266,266,266,266,266,266,266,266,266,266,266,263,263,266,266,266,13,266,266,266,266,266,266,266,266,266,266,266,266,266,266,266,266,266,266,13,258,266,266,266,266,266,266,266,266,266,33,14,14,14,266,266,266,266,266,266,266,266,266,266,266,266,266,266,266,266,14,14,136,136,136,202,132,136,136,1,266,138,266,209,266,149,266,266,266,266,266,266,266,266,266,266,266,266,266,266,266,266,266,266,266,266,266,266,158,1,2,1,2,1,2,1,1,1,1,1,1,1,1,1,2,1,2,1,2,1,1,1,1,1,1,1,1,1,1,1,1,1,1,1,1,1,1,1,2,1,2,1,2,1,1,1,1,1,1,1,1,2,2,1,2,1,2,266,266,266,266,266,266,266,266,266,266,266,266,266,266,266,266,266,266,266,266,266,266,266,266,266,266,266,266,266,266,266,266,266,266,266,266,266,266,266,266,266,266,266,229,253,266,266,1,266,266,266,266,1,1,266,266,266,266,266,266,266,266,266,266,266,266,266,266,266,266,266,266,266,266,266
1966,266,1,266,266,2,2,2,266,266,12,266,266,266,266,266,266,266,266,266,266,266,266,266,266,266,266,266,263,263,266,266,266,12,266,266,266,266,266,266,266,266,266,266,266,266,266,266,266,266,266,266,13,261,266,266,266,266,266,266,266,266,266,266,13,13,13,266,266,266,266,266,266,266,266,266,266,266,266,266,266,266,266,14,14,134,134,134,201,131,134,134,1,266,136,266,202,266,148,266,266,266,266,266,266,266,266,266,266,266,266,266,266,266,266,266,266,266,266,266,266,247,1,2,1,2,1,2,1,1,1,1,1,1,1,1,1,2,1,2,1,2,1,1,1,1,1,1,1,1,1,1,1,1,1,1,1,1,1,1,1,2,1,2,1,2,1,1,1,1,1,1,1,1,2,2,1,2,1,2,266,266,266,266,266,266,266,266,266,266,266,266,266,266,266,266,266,266,266,266,266,266,266,266,266,266,266,266,266,266,266,266,266,266,266,266,266,266,266,266,266,266,266,230,249,266,266,1,266,266,266,266,1,1,266,266,266,266,266,266,266,266,266,266,266,266,266,266,266,266,266,266,266,266,266
1967,266,1,266,266,2,2,2,266,266,13,266,266,266,266,266,266,266,266,266,266,266,266,266,266,266,266,266,263,264,266,266,266,13,266,266,266,266,266,266,266,266,266,266,266,266,266,266,266,266,266,266,13,261,266,266,266,266,266,266,266,266,266,266,13,13,13,266,266,266,266,266,266,266,266,266,266,266,266,266,266,266,266,14,14,130,130,130,199,127,130,130,1,266,134,266,201,266,147,266,266,266,266,266,266,266,266,266,266,266,266,266,266,266,266,266,266,266,266,266,266,249,1,2,1,2,1,2,1,1,1,1,1,1,1,1,1,2,1,2,1,2,1,1,1,1,1,1,1,1,1,1,1,1,1,1,1,1,1,1,1,2,1,2,1,2,1,1,1,1,1,1,1,1,2,2,1,2,1,2,266,266,266,266,266,266,266,266,266,266,266,266,266,266,266,266,266,266,266,266,266,266,266,266,266,266,266,266,266,266,266,266,266,266,266,266,266,266,266,266,266,266,266,232,249,266,266,1,266,266,266,266,1,1,266,266,266,266,266,266,266,266,266,266,266,266,266,266,266,266,266,266,266,266,266
1968,266,1,266,266,2,2,2,266,266,13,266,266,266,266,266,266,266,266,266,266,266,266,266,266,266,266,266,265,265,266,266,266,13,266,266,266,266,266,266,266,266,266,266,266,266,266,266,266,266,266,266,13,261,266,266,266,266,266,266,266,266,266,266,13,13,13,266,266,266,266,266,266,266,266,266,266,266,266,266,266,266,266,14,14,125,125,125,189,122,125,125,1,266,130,266,199,266,142,266,266,266,266,266,266,266,266,266,266,266,266,266,266,266,266,266,266,266,266,266,266,249,1,2,1,2,1,2,1,1,1,1,1,1,1,1,1,2,1,2,1,2,1,1,1,1,1,1,1,1,1,1,1,1,1,1,1,1,1,1,1,2,1,2,1,2,1,1,1,1,1,1,1,1,2,2,1,2,1,2,266,266,266,266,266,266,266,266,266,266,266,266,266,266,266,266,266,266,266,266,266,266,266,266,266,266,266,266,266,266,266,266,266,266,266,266,266,266,266,266,266,266,266,225,244,266,266,1,266,266,266,266,1,1,266,266,266,266,266,266,266,266,266,266,266,266,266,266,266,266,266,266,266,266,266
1969,266,1,266,266,2,2,2,266,266,13,266,266,266,266,266,266,266,266,266,266,266,266,266,266,266,266,266,261,262,266,266,266,13,266,266,266,266,266,266,266,266,266,266,266,266,266,266,266,266,266,266,13,261,266,266,266,266,266,266,266,266,266,266,13,13,13,266,266,266,266,266,266,266,266,266,266,266,266,266,266,266,266,14,14,120,120,120,174,118,120,120,1,266,125,266,189,266,138,266,266,266,266,266,266,266,266,266,266,266,266,266,266,266,266,266,266,266,266,266,266,249,1,2,1,2,1,2,1,1,1,1,1,1,1,1,1,2,1,2,1,2,1,1,1,1,1,1,1,1,1,1,1,1,1,1,1,1,1,1,1,2,1,2,1,2,1,1,1,1,1,1,1,1,2,2,1,2,1,2,266,266,266,266,266,266,266,266,266,266,266,266,266,266,266,266,266,266,266,266,266,266,266,266,266,266,266,266,266,266,266,266,266,266,266,266,266,266,266,266,266,266,266,213,242,266,266,1,266,266,266,266,1,1,266,266,266,266,266,266,266,266,266,266,266,266,266,266,266,266,266,266,266,266,266
1970,266,1,266,266,2,2,2,266,266,11,266,266,266,266,266,266,266,266,266,266,266,266,266,266,266,266,266,261,261,266,266,266,11,266,266,266,266,266,266,266,266,266,266,266,266,266,266,266,266,266,266,12,90,266,266,266,266,266,266,266,266,266,31,13,13,13,266,266,266,266,266,266,266,266,266,266,266,266,266,266,266,266,13,13,118,118,118,170,116,118,118,1,266,120,266,174,266,136,266,266,266,266,266,266,266,266,266,266,266,266,266,266,266,266,266,266,266,266,266,266,120,1,2,1,2,1,2,1,1,1,1,1,1,1,1,1,2,1,2,1,2,1,1,1,1,1,1,1,1,1,1,1,1,1,1,1,1,1,1,1,2,1,2,1,2,1,1,1,1,1,1,1,1,2,2,1,2,1,2,266,266,266,266,266,266,266,266,266,266,266,266,266,266,266,266,266,266,266,266,266,266,266,266,266,266,266,266,266,266,266,266,266,266,266,266,266,266,266,266,266,266,266,209,238,266,266,1,266,266,266,266,1,1,266,266,266,266,266,266,266,266,266,266,266,266,266,266,266,266,266,266,266,266,266
1971,266,1,266,266,2,2,2,266,266,11,266,266,266,266,266,266,266,266,266,266,266,266,266,266,266,266,266,259,259,266,266,266,10,266,266,266,266,266,266,266,266,266,266,266,266,266,266,266,266,266,266,12,258,266,266,266,266,266,266,266,266,266,266,13,13,13,266,266,266,266,266,266,266,266,266,266,266,266,266,266,266,266,14,14,113,113,113,166,110,113,113,1,266,118,266,170,266,134,266,266,266,266,266,266,266,266,266,266,266,266,266,266,266,266,266,266,266,266,266,266,238,1,2,1,2,1,2,1,1,1,1,1,1,1,1,1,2,1,2,1,2,1,1,1,1,1,1,1,1,1,1,1,1,1,1,1,1,1,1,1,2,1,2,1,2,1,1,1,1,1,1,1,1,2,2,1,2,1,2,266,266,266,266,266,266,266,266,266,266,266,266,266,266,266,266,266,266,266,266,266,266,266,266,266,266,266,266,266,266,266,266,266,266,266,266,266,266,266,266,266,266,266,208,236,266,266,1,266,266,266,266,1,1,266,266,266,266,266,266,266,266,266,266,266,266,266,266,266,266,266,266,266,266,266
1972,266,1,266,266,2,2,2,266,266,11,266,266,266,266,266,266,266,266,266,266,266,266,266,266,266,266,266,261,260,266,266,266,10,266,266,266,266,266,266,266,266,266,266,266,266,266,266,266,266,266,266,12,257,266,266,266,266,266,266,266,266,266,266,13,13,13,266,266,266,266,266,266,266,266,266,266,266,266,266,266,266,266,14,14,109,109,109,162,107,109,109,1,266,113,266,166,266,130,266,266,266,266,266,266,266,266,266,266,266,266,266,266,266,266,266,266,266,266,266,266,242,1,2,1,2,1,2,1,1,1,1,1,1,1,1,1,2,1,2,1,2,1,1,1,1,1,1,1,1,1,1,1,1,1,1,1,1,1,1,1,2,1,2,1,2,1,1,1,1,1,1,1,1,2,2,1,2,1,2,266,266,266,266,266,266,266,266,266,266,266,266,266,266,266,266,266,266,266,266,266,266,266,266,266,266,266,266,266,266,266,266,266,266,266,266,266,266,266,266,266,266,266,202,235,266,266,1,266,266,266,266,1,1,266,266,266,266,266,266,266,266,266,266,266,266,266,266,266,266,266,266,266,266,266
1973,266,1,266,266,2,2,2,266,266,10,266,266,266,266,266,266,266,266,266,266,266,266,266,266,266,266,266,260,259,266,266,266,10,266,266,266,266,266,266,266,266,266,266,266,266,266,266,266,266,266,266,12,257,266,266,266,266,266,266,266,266,266,266,12,12,12,266,266,266,266,266,266,266,266,266,266,266,266,266,266,266,266,14,14,109,109,109,159,107,109,109,1,266,109,266,162,266,125,266,266,266,266,266,266,266,266,266,266,266,266,266,266,266,266,266,266,266,266,266,266,240,1,2,1,2,1,2,1,1,1,1,1,1,1,1,1,2,1,2,1,2,1,1,1,1,1,1,1,1,1,1,1,1,1,1,1,1,1,1,1,2,1,2,1,2,1,1,1,1,1,1,1,1,2,2,1,2,1,2,266,266,266,266,266,266,266,266,266,266,266,266,266,266,266,266,266,266,266,266,266,266,266,266,266,266,266,266,266,266,266,266,266,266,266,266,266,266,266,266,266,266,266,217,241,266,266,1,266,266,266,266,1,1,266,266,266,266,266,266,266,266,266,266,266,266,266,266,266,266,266,266,266,266,266
1974,266,1,266,266,2,2,2,266,266,10,266,266,266,266,266,266,266,266,266,266,266,266,266,266,266,266,266,261,260,266,266,266,10,266,266,266,266,266,266,266,266,266,266,266,266,266,266,266,266,266,266,12,255,266,266,266,266,266,266,266,266,266,266,13,13,13,266,266,266,266,266,266,266,266,266,266,266,266,266,266,266,266,14,14,107,107,107,156,105,107,107,1,266,109,266,159,266,120,266,266,266,266,266,266,266,266,266,266,266,266,266,266,266,266,266,266,266,266,266,266,243,1,2,1,2,1,2,1,1,1,1,1,1,1,1,1,2,1,2,1,2,1,1,1,1,1,1,1,1,1,1,1,1,1,1,1,1,1,1,1,2,1,2,1,2,1,1,1,1,1,1,1,1,2,2,1,2,1,2,266,266,266,266,266,266,266,266,266,266,266,266,266,266,266,266,266,266,266,266,266,266,266,266,266,266,266,266,266,266,266,266,266,266,266,266,266,266,266,266,266,266,266,207,235,266,266,1,266,266,266,266,1,1,266,266,266,266,266,266,266,266,266,266,266,266,266,266,266,266,266,266,266,266,266
1975,266,1,266,266,2,2,2,266,266,10,266,266,266,266,266,266,266,266,266,266,266,266,266,266,266,266,266,254,253,266,266,266,10,266,266,266,266,266,266,266,266,266,266,266,266,266,266,266,266,266,266,11,174,266,266,266,266,266,266,266,266,266,31,13,13,13,266,266,266,266,266,266,266,266,266,266,266,266,266,266,266,266,14,14,103,103,103,153,101,103,103,1,266,107,266,156,266,118,266,266,266,266,266,266,266,266,266,266,266,266,266,266,266,266,266,266,266,266,266,266,181,1,2,1,2,1,2,1,1,1,1,1,1,1,1,1,2,1,2,1,2,1,1,1,1,1,1,1,1,1,1,1,1,1,1,1,1,1,1,1,2,1,2,1,2,1,1,1,1,1,1,1,1,2,2,1,2,1,2,266,266,266,266,266,266,266,266,266,266,266,266,266,266,266,266,266,266,266,266,266,266,266,266,266,266,266,266,266,266,266,266,266,266,266,266,266,266,266,266,266,266,266,213,230,266,266,1,266,266,266,266,1,1,266,266,266,266,266,266,266,266,266,266,266,266,266,266,266,266,266,266,266,266,266
1976,266,1,266,266,2,2,2,266,266,9,266,266,266,266,266,266,266,266,266,266,266,266,266,266,266,266,266,253,253,266,266,266,10,266,266,266,266,266,266,266,266,266,266,266,266,266,266,266,266,266,266,10,251,266,266,266,266,266,266,266,266,266,266,13,13,13,266,266,266,266,266,266,266,266,266,266,266,266,266,266,266,266,14,14,101,101,101,152,99,101,101,1,266,103,266,153,266,113,266,266,266,266,266,266,266,266,266,266,266,266,266,266,266,266,266,266,266,266,266,266,238,1,2,1,2,1,2,1,1,1,1,1,1,1,1,1,2,1,2,1,2,1,1,1,1,1,1,1,1,1,1,1,1,1,1,1,1,1,1,1,2,1,2,1,2,1,1,1,1,1,1,1,1,2,2,1,2,1,2,266,266,266,266,266,266,266,266,266,266,266,266,266,266,266,266,266,266,266,266,266,266,266,266,266,266,266,266,266,266,266,266,266,266,266,266,266,266,266,266,266,266,266,211,235,266,266,1,266,266,266,266,1,1,266,266,266,266,266,266,266,266,266,266,266,266,266,266,266,266,266,266,266,266,266
1977,266,1,266,266,2,2,2,266,266,9,266,266,266,266,266,266,266,266,266,266,266,266,266,266,266,266,266,252,253,266,266,266,9,266,266,266,266,266,266,266,266,266,266,266,266,266,266,266,266,266,266,11,255,266,266,266,266,266,266,266,266,266,266,13,13,13,266,266,266,266,266,266,266,266,266,266,266,266,266,266,266,266,14,14,100,100,100,145,98,100,100,1,266,101,266,152,266,109,266,266,266,266,266,266,266,266,266,266,266,266,266,266,266,266,266,266,266,266,266,266,237,1,2,1,2,1,2,1,1,1,1,1,1,1,1,1,2,1,2,1,2,1,1,1,1,1,1,1,1,1,1,1,1,1,1,1,1,1,1,1,2,1,2,1,2,1,1,1,1,1,1,1,1,2,2,1,2,1,2,266,266,266,266,266,266,266,266,266,266,266,266,266,266,266,266,266,266,266,266,266,266,266,266,266,266,266,266,266,266,266,266,266,266,266,266,266,266,266,266,266,266,266,192,236,266,266,1,266,266,266,266,1,1,266,266,266,266,266,266,266,266,266,266,266,266,266,266,266,266,266,266,266,266,266
1978,266,1,266,266,2,2,2,266,266,9,266,266,266,266,266,266,266,266,266,266,266,266,266,266,266,266,266,252,253,266,266,266,9,266,266,266,266,266,266,266,266,266,266,266,266,266,266,266,266,266,266,11,254,266,266,266,266,266,266,266,266,266,266,11,11,11,266,266,266,266,266,266,266,266,266,266,266,266,266,266,266,266,14,14,96,96,96,144,95,96,96,1,266,100,266,145,266,109,266,266,266,266,266,266,266,266,266,266,266,266,266,266,266,266,266,266,266,266,266,266,239,1,2,1,2,1,2,1,1,1,1,1,1,1,1,1,2,1,2,1,2,1,1,1,1,1,1,1,1,1,1,1,1,1,1,1,1,1,1,1,2,1,2,1,2,1,1,1,1,1,1,1,1,2,2,1,2,1,2,266,266,266,266,266,266,266,266,266,266,266,266,266,266,266,266,266,266,266,266,266,266,266,266,266,266,266,266,266,266,266,266,266,266,266,266,266,266,266,266,266,266,266,184,224,266,266,1,266,266,266,266,1,1,266,266,266,266,266,266,266,266,266,266,266,266,266,266,266,266,266,266,266,266,266
1979,266,1,266,266,2,2,2,266,266,9,266,266,266,266,266,266,266,266,266,266,266,266,266,266,266,266,266,256,256,266,266,266,9,266,266,266,266,266,266,266,266,266,266,266,266,266,266,266,266,266,266,11,254,266,266,266,266,266,266,266,266,266,266,12,12,12,266,266,266,266,266,266,266,266,266,266,266,266,266,266,266,266,14,14,94,94,94,141,93,94,94,1,266,96,266,144,266,107,266,266,266,266,266,266,266,266,266,266,266,266,266,266,266,266,266,266,266,266,266,266,229,1,2,1,2,1,2,1,1,1,1,1,1,1,1,1,2,1,2,1,2,1,1,1,1,1,1,1,1,1,1,1,1,1,1,1,1,1,1,1,2,1,2,1,2,1,1,1,1,1,1,1,1,2,2,1,2,1,2,266,266,266,266,266,266,266,266,266,266,266,266,266,266,266,266,266,266,266,266,266,266,266,266,266,266,266,266,266,266,266,266,266,266,266,266,266,266,266,266,266,266,266,178,227,266,266,1,266,266,266,266,1,1,266,266,266,266,266,266,266,266,266,266,266,266,266,266,266,266,266,266,266,266,266
1980,266,1,266,266,2,2,2,266,266,9,265,266,266,266,266,266,266,266,266,266,266,266,266,266,266,266,266,257,257,266,266,266,9,266,266,266,266,266,266,266,266,266,266,266,266,266,266,266,266,266,266,11,135,120,266,152,266,266,266,266,266,266,31,11,11,11,266,266,266,266,266,266,266,266,266,266,266,266,266,266,266,266,13,13,91,91,91,139,90,91,91,1,229,94,266,141,266,103,266,266,266,266,266,266,266,266,266,266,266,266,266,266,266,266,266,266,266,266,266,266,182,1,2,1,2,1,2,1,1,1,1,1,1,1,1,1,2,1,2,1,2,1,1,1,1,1,1,1,1,1,1,1,1,1,1,1,1,1,1,1,2,1,2,1,2,1,1,1,1,1,1,1,1,2,2,1,2,1,2,266,266,266,266,266,266,266,266,266,266,266,266,266,266,266,266,266,266,266,266,266,266,266,266,266,266,266,266,266,266,266,266,266,266,266,266,266,266,266,266,266,266,266,176,212,266,266,1,266,266,266,266,1,1,266,266,266,266,266,266,266,266,266,266,266,266,266,266,266,266,266,266,266,266,266
1981,266,1,266,266,2,2,2,266,266,10,265,266,266,266,266,266,266,266,266,266,266,266,266,266,266,266,266,252,253,266,266,266,10,266,266,266,266,266,266,266,266,266,266,266,266,266,266,266,266,266,266,11,192,99,266,131,266,266,266,266,266,266,266,11,11,11,266,266,266,266,266,266,266,266,266,266,266,266,266,266,266,266,14,14,86,86,86,138,85,86,86,1,203,91,266,139,266,101,266,266,266,266,266,266,266,266,266,266,266,266,266,266,266,266,266,266,266,266,266,266,166,1,2,1,2,1,2,1,1,1,1,1,1,1,1,1,2,1,2,1,2,1,1,1,1,1,1,1,1,1,1,1,1,1,1,1,1,1,1,1,2,1,2,1,2,1,1,1,1,1,1,1,1,2,2,1,2,1,2,266,266,266,266,266,266,266,266,266,266,266,266,266,266,266,266,266,266,266,266,266,266,266,266,266,266,266,266,266,266,266,266,266,266,266,266,266,266,266,266,266,266,266,174,210,266,266,1,266,266,266,266,1,1,266,266,266,266,266,266,266,266,266,266,266,266,266,266,266,266,266,266,266,266,266
1982,266,1,266,266,2,2,2,266,266,10,265,266,266,266,266,266,266,266,266,266,266,266,266,266,266,266,266,254,257,266,266,266,10,266,266,266,266,266,266,266,266,266,266,266,266,266,266,266,266,266,266,10,236,94,266,112,266,266,266,266,266,266,266,11,11,11,266,266,266,266,266,266,266,266,266,266,266,266,266,266,266,266,14,14,84,84,84,130,82,84,84,1,201,86,266,138,266,100,266,266,266,266,266,266,266,266,266,266,266,266,266,266,266,266,266,266,266,266,266,266,217,1,2,1,2,1,2,1,1,1,1,1,1,1,1,1,2,1,2,1,2,1,1,1,1,1,1,1,1,1,1,1,1,1,1,1,1,1,1,1,2,1,2,1,2,1,1,1,1,1,1,1,1,2,2,1,2,1,2,266,266,266,266,266,266,266,266,266,266,266,266,266,266,266,266,266,266,266,266,266,266,266,266,266,266,266,266,266,266,266,266,266,266,266,266,266,266,266,266,266,266,266,172,206,266,266,1,266,266,266,266,1,1,266,266,266,266,266,266,266,266,266,266,266,266,266,266,266,266,266,266,266,266,266
1983,266,1,266,266,2,2,2,266,266,10,265,266,266,266,266,266,266,266,266,266,266,266,266,266,266,266,266,256,255,266,266,266,10,266,266,266,266,266,266,266,266,266,266,266,266,266,266,266,266,266,266,11,240,81,266,94,266,266,266,266,266,266,266,11,11,11,266,266,266,266,266,266,266,266,266,266,266,266,266,266,266,266,12,12,83,83,83,126,81,83,83,1,192,84,266,130,266,96,266,266,266,266,266,266,266,266,266,266,266,266,266,266,266,266,266,266,266,266,266,266,224,1,2,1,2,1,2,1,1,1,1,1,1,1,1,1,2,1,2,1,2,1,1,1,1,1,1,1,1,1,1,1,1,1,1,1,1,1,1,1,2,1,2,1,2,1,1,1,1,1,1,1,1,2,2,1,2,1,2,266,266,266,266,266,266,266,266,266,266,266,266,266,265,266,266,266,265,266,266,265,266,266,266,266,265,266,266,265,266,266,266,266,266,266,266,266,266,266,266,266,266,266,169,209,266,266,1,266,266,266,266,1,1,266,266,266,266,266,266,266,266,266,266,266,266,266,266,266,266,266,266,266,266,266
1984,266,1,266,266,2,2,2,266,266,9,263,266,266,266,266,266,266,266,266,266,266,266,266,266,266,266,266,251,252,266,266,266,9,266,266,266,266,266,266,266,266,266,266,266,266,266,266,266,266,266,266,11,233,73,266,80,266,266,266,266,266,266,266,11,11,11,266,266,266,266,266,266,266,266,266,266,266,266,266,266,266,266,12,12,79,79,79,124,78,79,79,1,179,83,266,127,266,94,266,266,266,266,266,266,266,266,266,266,266,266,266,266,266,266,266,266,266,266,266,266,187,1,2,1,2,1,2,1,1,1,1,1,1,1,1,1,2,1,2,1,2,1,1,1,1,1,1,1,1,1,1,1,1,1,1,1,1,1,1,1,2,1,2,1,2,1,1,1,1,1,1,1,1,2,2,1,2,1,2,265,266,266,266,266,266,266,266,266,266,266,266,266,266,266,266,266,266,266,266,266,266,266,266,266,266,266,266,266,266,266,266,266,266,266,266,266,266,266,266,266,266,266,170,208,266,266,1,266,266,266,266,1,1,266,266,266,266,266,266,266,264,266,266,266,266,266,266,266,266,266,266,266,266,266
1985,266,1,266,266,2,2,2,266,266,9,264,266,266,266,266,266,266,266,266,266,266,266,266,266,266,266,266,256,256,266,266,266,9,266,266,266,265,266,266,266,266,266,266,266,266,266,266,266,266,266,266,11,166,67,221,72,266,266,266,266,266,266,31,11,11,11,266,266,266,266,200,266,266,266,266,266,266,266,266,266,266,266,12,12,70,70,70,120,70,70,70,1,172,79,266,124,266,91,266,266,266,266,266,266,266,266,266,266,266,266,266,266,266,266,266,266,266,266,266,266,194,1,2,1,2,1,2,1,1,1,1,1,1,1,1,1,2,1,2,1,2,1,1,1,1,1,1,1,1,1,1,1,1,1,1,1,1,1,1,1,2,1,2,1,2,1,1,1,1,1,1,1,1,2,2,1,2,1,2,266,266,266,266,266,266,266,266,266,266,266,266,266,264,266,266,266,266,266,266,262,266,266,266,266,262,266,266,262,266,266,265,265,265,265,265,265,265,265,265,265,265,266,167,206,266,266,1,266,266,266,266,1,1,265,266,266,266,266,266,266,264,266,266,265,266,266,266,266,266,266,265,265,266,266
1986,266,1,266,266,2,2,2,266,266,8,254,266,266,266,266,266,266,266,266,266,266,266,266,266,266,266,266,252,251,266,266,266,9,266,266,265,119,266,266,266,266,266,266,266,266,260,266,266,266,266,266,11,208,64,221,67,266,266,266,266,266,266,266,10,10,10,266,266,266,266,198,266,266,266,266,266,266,266,266,266,266,266,12,12,70,70,70,117,70,70,70,1,167,70,266,120,266,86,266,266,266,266,266,266,266,266,266,266,266,266,266,266,266,266,266,266,266,266,266,266,199,1,2,1,2,1,2,1,1,1,1,1,1,1,1,1,2,1,2,1,2,1,1,1,1,1,1,1,1,1,1,1,1,1,1,1,1,1,1,1,2,1,2,1,2,1,1,1,1,1,1,1,1,2,2,1,2,1,2,259,266,266,266,266,266,266,266,266,266,266,266,266,259,262,262,266,262,265,265,256,266,262,262,266,257,265,265,256,265,265,265,265,265,265,265,265,265,265,265,265,265,266,168,204,266,266,1,266,266,266,266,1,1,259,266,266,266,266,266,266,260,266,266,260,266,266,266,266,266,266,260,260,266,266
1987,266,1,266,266,2,2,2,266,266,8,248,266,266,266,266,266,266,266,266,266,266,266,266,266,266,266,266,245,246,266,266,266,9,266,266,262,113,266,266,266,266,266,266,266,266,259,266,266,266,266,266,10,204,62,221,63,266,266,266,266,266,266,266,10,10,10,266,266,266,266,195,266,266,266,266,266,266,266,266,266,266,266,12,12,70,70,70,115,70,70,70,1,156,70,266,117,266,84,266,266,266,266,266,266,266,266,266,266,266,266,266,266,266,266,266,266,266,266,266,266,215,1,2,1,2,1,2,1,1,1,1,1,1,1,1,1,2,1,2,1,2,1,1,1,1,1,1,1,1,1,1,1,1,1,1,1,1,1,1,1,2,1,2,1,2,1,1,1,1,1,1,1,1,2,2,1,2,1,2,255,266,266,266,266,266,266,266,266,266,266,266,266,255,259,259,266,259,265,265,250,266,259,259,266,249,265,265,251,265,265,265,265,265,265,265,265,265,265,265,265,265,266,166,205,266,266,1,266,266,266,266,1,1,256,266,266,266,266,266,266,254,266,266,256,266,266,266,266,266,266,256,256,266,266
1988,266,1,266,266,2,2,2,266,266,8,257,266,266,266,266,266,266,266,266,266,266,266,266,266,266,266,266,243,247,266,266,266,9,266,266,263,265,266,266,266,266,266,266,266,266,262,266,266,266,266,266,11,205,60,221,62,266,266,266,266,266,266,266,10,10,10,266,266,266,266,201,266,266,266,266,266,266,266,266,266,266,266,12,12,70,70,70,112,70,70,70,1,152,70,266,115,266,83,266,266,266,266,266,266,266,266,266,266,266,266,266,266,266,266,266,266,266,266,266,266,213,1,2,1,2,1,2,1,1,1,1,1,1,1,1,1,2,1,2,1,2,1,1,1,1,1,1,1,1,1,1,1,1,1,1,1,1,1,1,1,2,1,2,1,2,1,1,1,1,1,1,1,1,2,2,1,2,1,2,260,266,266,266,266,266,266,266,266,266,266,266,266,257,258,258,266,258,262,262,255,266,258,258,266,255,262,262,255,262,262,265,265,265,265,265,265,265,265,265,265,265,266,167,189,266,266,1,266,266,266,266,1,1,260,266,266,266,266,266,266,261,266,266,260,266,266,266,266,266,266,260,260,266,266
1989,266,1,266,266,2,2,2,266,266,7,233,266,266,266,266,266,266,266,266,266,266,266,266,266,266,266,266,248,248,266,266,266,8,266,266,264,109,266,266,266,266,266,266,266,266,262,266,266,266,266,266,11,182,60,218,62,266,266,266,266,266,266,266,10,10,10,266,266,266,266,203,266,266,266,266,266,266,266,266,266,266,266,12,12,70,70,70,70,70,70,70,1,148,70,266,112,266,79,266,266,266,266,266,266,266,266,266,266,266,266,266,266,266,266,266,266,266,266,266,266,210,1,2,1,2,1,2,1,1,1,1,1,1,1,1,1,2,1,2,1,2,1,1,1,1,1,1,1,1,1,1,1,1,1,1,1,1,1,1,1,2,1,2,1,2,1,1,1,1,1,1,1,1,2,2,1,2,1,2,261,266,266,266,266,266,266,266,266,266,266,266,266,260,262,262,266,261,263,263,256,266,262,262,266,254,262,262,256,263,263,266,266,266,266,266,266,266,266,266,266,266,266,165,182,266,266,1,266,266,266,266,1,1,263,266,266,266,266,266,266,261,266,266,263,266,266,266,266,266,266,263,263,266,266
1990,266,1,134,136,1,1,1,266,266,5,192,266,266,266,166,170,266,260,266,266,266,266,266,247,266,266,266,232,227,266,266,266,6,261,266,264,262,266,266,266,266,266,266,266,266,261,266,266,266,265,262,9,76,59,212,61,120,116,111,266,266,8,7,8,8,8,266,266,266,266,201,266,266,266,266,266,266,266,266,266,266,266,10,10,22,22,22,22,22,22,22,1,145,22,266,22,266,22,210,266,266,266,266,266,266,266,266,266,266,266,266,266,266,266,266,266,266,266,266,266,79,1,1,1,1,1,1,1,1,1,1,1,1,1,1,1,1,1,1,1,1,1,1,1,1,1,1,1,1,1,1,1,1,1,1,1,1,1,1,1,1,1,1,1,1,1,1,1,1,1,1,1,1,2,1,1,1,1,1,249,108,108,96,266,266,266,266,266,266,266,266,266,260,262,262,266,262,262,262,257,266,262,262,266,253,262,262,257,262,262,265,265,263,265,265,263,265,265,263,263,263,266,108,129,266,266,1,266,266,266,266,1,1,261,266,266,266,266,266,266,254,266,266,260,266,266,266,266,266,266,261,261,78,136
1991,266,1,134,136,1,1,1,266,266,5,217,266,266,266,166,170,266,263,266,266,266,266,266,266,266,266,266,249,249,266,266,266,6,262,266,265,260,266,266,266,266,266,266,266,266,260,266,266,266,266,262,10,170,58,200,59,120,116,111,266,266,266,266,9,9,9,266,266,266,266,199,266,266,266,266,266,266,266,266,266,266,266,10,10,22,22,22,22,22,22,22,1,142,22,266,22,266,22,228,266,266,266,266,266,266,266,266,266,266,266,266,266,266,266,266,266,266,266,266,266,175,1,1,1,1,1,1,1,1,1,1,1,1,1,1,1,1,1,1,1,1,1,1,1,1,1,1,1,1,1,1,1,1,1,1,1,1,1,1,1,1,1,1,1,1,1,1,1,1,1,1,1,1,2,1,1,1,1,1,257,108,108,96,266,266,266,266,266,266,266,266,266,250,256,256,266,255,256,256,247,266,256,256,266,244,256,256,247,256,256,265,265,264,265,265,264,265,265,264,264,264,266,102,120,266,266,1,266,266,266,266,1,1,261,266,266,266,266,266,266,258,266,266,261,266,266,266,266,266,266,262,262,78,136
1992,266,1,134,136,1,1,1,266,266,5,212,266,266,266,166,170,266,263,266,266,266,266,266,173,266,266,266,241,243,266,266,266,6,255,266,263,254,266,266,266,266,266,266,266,266,257,266,266,266,266,255,9,182,37,188,38,120,116,111,266,266,266,266,9,9,9,266,266,266,266,195,266,266,266,266,266,266,266,266,266,266,266,10,10,22,22,22,22,22,22,22,1,141,22,266,22,266,22,226,266,266,266,266,266,266,266,266,266,266,266,266,266,266,266,266,266,266,266,266,266,178,1,1,1,1,1,1,1,1,1,1,1,1,1,1,1,1,1,1,1,1,1,1,1,1,1,1,1,1,1,1,1,1,1,1,1,1,1,1,1,1,1,1,1,1,1,1,1,1,1,1,1,1,1,1,1,1,1,1,249,108,108,96,266,266,266,266,266,266,266,266,266,250,253,253,266,252,254,254,246,266,253,253,266,241,253,253,246,254,254,262,262,262,262,262,262,262,262,262,262,262,266,89,106,266,266,1,266,266,266,266,1,1,255,266,266,266,266,266,266,250,266,266,255,266,266,266,266,266,266,255,255,75,136
1993,266,1,134,136,1,1,1,266,266,5,208,266,266,266,166,170,266,263,266,266,266,266,266,266,266,266,266,238,238,266,266,266,6,259,266,265,253,266,266,266,266,266,266,266,266,255,266,266,266,266,259,10,157,32,180,33,120,116,111,266,266,266,266,9,9,9,266,266,266,266,195,266,266,266,266,266,266,266,266,266,266,266,10,10,22,22,22,22,22,22,22,1,140,22,266,22,266,22,226,266,266,266,266,266,266,266,266,266,266,266,266,266,266,266,266,266,266,266,266,266,156,1,1,1,1,1,1,1,1,1,1,1,1,1,1,1,1,1,1,1,1,1,1,1,1,1,1,1,1,1,1,1,1,1,1,1,1,1,1,1,1,1,1,1,1,1,1,1,1,1,1,1,1,1,1,1,1,1,1,246,108,108,96,266,266,266,266,266,266,266,266,266,250,254,254,266,253,256,256,244,266,254,254,266,242,256,256,244,256,256,263,263,263,263,263,263,263,263,263,263,263,266,80,98,266,266,1,266,266,266,266,1,1,257,266,266,266,266,266,266,249,266,266,259,266,266,266,266,266,266,259,259,75,136
1994,266,1,134,136,1,1,1,266,266,5,209,266,266,266,166,170,266,264,266,266,266,266,266,266,264,264,264,248,249,266,266,266,6,261,266,265,255,266,266,266,266,266,266,266,266,259,266,266,266,266,261,10,182,31,174,32,120,116,111,266,266,266,266,8,8,8,266,266,266,266,187,266,266,266,266,266,266,266,266,266,266,266,10,10,22,22,22,22,22,22,22,1,140,22,266,22,266,22,224,266,266,266,266,266,266,266,266,266,266,266,266,266,266,266,266,266,266,266,266,266,183,1,1,1,1,1,1,1,1,1,1,1,1,1,1,1,1,1,1,1,1,1,1,1,1,1,1,1,1,1,1,1,1,1,1,1,1,1,1,1,1,1,1,1,1,1,1,1,1,1,1,1,1,1,1,1,1,1,1,254,108,108,96,266,266,266,266,266,266,266,266,266,251,257,257,266,256,262,262,245,266,257,257,266,243,262,262,245,262,262,264,264,263,264,264,263,264,264,263,263,263,266,77,61,266,266,1,266,266,266,266,1,1,261,266,266,266,266,266,266,256,266,266,261,266,266,266,266,266,266,261,261,75,136
1995,266,1,134,136,1,1,1,266,266,5,186,266,266,266,166,170,266,263,266,266,266,266,266,266,262,264,264,232,235,266,266,266,6,258,266,263,248,266,266,266,266,266,266,266,266,252,266,266,266,263,258,9,182,31,164,32,120,116,111,266,266,8,7,7,7,7,266,266,266,266,186,266,266,266,266,266,266,266,266,266,266,266,10,10,22,22,22,22,22,22,22,1,140,22,266,22,266,22,213,266,266,266,266,266,266,266,266,266,266,266,266,266,266,266,266,266,266,266,266,266,143,1,1,1,1,1,1,1,1,1,1,1,1,1,1,1,1,1,1,1,1,1,1,1,1,1,1,1,1,1,1,1,1,1,1,1,1,1,1,1,1,1,1,1,1,1,1,1,1,1,1,1,1,1,1,1,1,1,1,247,108,108,96,266,266,266,266,266,266,266,266,266,246,255,255,266,254,258,258,238,266,256,256,266,235,259,259,238,258,258,260,261,259,260,261,259,260,261,259,259,259,266,74,56,266,266,1,266,266,266,266,1,1,258,266,266,266,266,266,266,252,266,266,258,266,266,266,266,266,266,258,258,75,136
1996,266,1,134,136,1,1,1,266,266,5,197,266,266,266,166,170,266,261,266,266,266,266,266,266,260,261,262,235,236,266,266,266,6,256,266,262,236,266,266,266,266,266,266,266,266,246,266,266,266,264,256,10,149,31,159,32,120,116,111,266,266,266,266,8,8,8,266,266,266,266,178,266,266,266,266,266,266,266,266,266,266,266,10,10,22,22,22,22,22,22,22,1,140,22,266,22,266,22,218,266,266,266,266,266,266,266,266,266,266,266,266,266,266,266,266,266,266,266,266,266,167,1,1,1,1,1,1,1,1,1,1,1,1,1,1,1,1,1,1,1,1,1,1,1,1,1,1,1,1,1,1,1,1,1,1,1,1,1,1,1,1,1,1,1,1,1,1,1,1,1,1,1,1,1,1,1,1,1,1,245,108,108,96,266,266,266,266,266,266,266,266,266,240,249,249,266,248,255,255,232,266,250,250,266,232,256,256,233,255,255,254,254,253,254,254,253,254,254,253,252,252,266,74,54,266,266,1,266,266,266,266,1,1,254,266,266,266,266,266,266,250,266,266,254,266,266,266,266,266,266,256,256,74,136
1997,266,1,134,136,1,1,1,266,266,6,195,266,266,266,166,170,266,263,266,266,266,266,266,169,264,265,263,235,238,266,266,266,7,256,266,262,252,266,266,266,266,266,266,266,266,253,266,266,266,265,256,9,184,30,153,30,120,116,111,266,266,266,266,8,8,8,266,266,266,266,183,266,266,266,266,266,266,266,266,266,266,266,10,10,22,22,22,22,22,22,22,1,140,22,266,22,266,22,208,266,266,266,266,266,266,266,266,266,266,266,266,266,266,266,266,266,266,266,266,266,158,1,1,1,1,1,1,1,1,1,1,1,1,1,1,1,1,1,1,1,1,1,1,1,1,1,1,1,1,1,1,1,1,1,1,1,1,1,1,1,1,1,1,1,1,1,1,1,1,1,1,1,1,1,1,1,1,1,1,240,108,108,96,266,266,266,266,266,266,266,266,266,247,253,253,266,253,257,257,246,266,253,253,266,246,257,257,246,257,257,252,253,252,252,253,252,252,253,252,252,252,266,71,59,266,266,1,266,266,266,266,1,1,254,266,266,266,266,266,266,246,266,266,255,266,266,266,266,266,266,256,256,74,136
1998,266,1,134,136,1,1,1,266,266,6,181,266,266,266,166,170,264,260,266,266,266,266,266,266,259,261,262,241,243,266,266,266,7,256,266,260,253,266,266,266,266,266,266,266,266,248,266,266,266,264,256,9,186,30,147,30,120,116,111,266,266,266,266,8,8,8,266,266,266,266,182,266,266,266,266,266,266,266,266,266,266,266,10,10,22,22,22,22,22,22,22,1,139,22,266,22,266,22,203,266,266,266,266,266,266,266,266,266,266,266,266,266,266,266,266,266,266,266,266,266,178,1,1,1,1,1,1,1,1,1,1,1,1,1,1,1,1,1,1,1,1,1,1,1,1,1,1,1,1,1,1,1,1,1,1,1,1,1,1,1,1,1,1,1,1,1,1,1,1,1,1,1,1,1,1,1,1,1,1,238,108,108,95,266,266,266,266,266,266,266,266,266,242,248,248,266,247,254,254,242,266,250,250,266,241,255,255,240,254,254,247,247,246,247,247,246,247,247,246,245,245,266,74,53,266,266,1,266,266,266,266,1,1,254,266,266,266,266,266,266,249,266,266,254,266,266,266,266,266,266,256,256,74,136
1999,266,1,134,136,1,1,1,266,266,6,182,266,266,266,166,170,262,260,266,266,266,266,266,266,260,260,258,235,238,266,266,266,7,257,266,259,250,266,266,266,266,266,266,266,266,244,266,266,266,263,257,9,192,28,139,28,120,116,111,266,266,266,266,8,8,8,266,266,266,266,180,266,266,266,266,266,266,266,266,266,266,266,10,10,22,22,22,22,22,22,22,1,139,22,266,22,266,22,197,266,266,266,266,266,266,266,266,266,266,266,266,266,266,266,266,266,266,266,266,266,182,1,1,1,1,1,1,1,1,1,1,1,1,1,1,1,1,1,1,1,1,1,1,1,1,1,1,1,1,1,1,1,1,1,1,1,1,1,1,1,1,1,1,1,1,1,1,1,1,1,1,1,1,1,1,1,1,1,1,238,108,108,95,266,266,266,266,266,266,266,266,266,242,249,249,266,248,254,254,240,266,249,249,266,240,253,253,240,254,254,245,244,244,245,244,244,245,244,244,244,244,266,70,50,266,266,1,266,266,266,266,1,1,251,266,266,266,266,266,266,250,261,266,253,265,265,265,265,265,265,257,257,73,136
2000,212,1,134,136,1,1,1,102,150,5,73,35,35,35,166,170,228,255,255,266,266,257,257,248,252,259,209,164,172,34,34,34,6,249,248,215,211,34,34,71,34,34,34,34,34,176,78,78,78,264,253,7,136,28,125,28,120,116,111,127,44,8,7,7,7,7,33,33,76,33,168,35,35,35,35,266,266,266,35,35,35,266,10,10,22,22,22,22,22,22,22,1,136,22,33,22,266,22,150,34,34,35,19,58,46,18,60,44,14,56,46,110,172,144,91,153,110,257,259,257,124,1,1,1,1,1,1,1,1,1,1,1,1,1,1,1,1,1,1,1,1,1,1,1,1,1,1,1,1,1,1,1,1,1,1,1,1,1,1,1,1,1,1,1,1,1,1,1,1,1,1,1,1,1,1,1,1,1,1,163,108,108,95,29,29,29,29,56,56,56,266,60,214,215,215,266,215,215,215,209,63,215,215,266,198,216,216,208,215,215,228,227,225,228,227,225,228,227,225,225,225,265,70,46,266,266,1,266,35,35,35,1,1,251,33,33,33,59,80,62,229,236,205,244,260,260,260,260,260,260,253,253,72,136
2001,256,1,134,136,1,1,1,102,151,5,176,266,266,266,166,170,260,258,263,266,266,263,263,266,262,261,262,242,242,34,34,34,6,260,266,258,258,34,34,69,34,34,34,34,34,255,79,79,79,263,260,8,136,28,115,28,120,116,111,127,44,266,266,8,8,8,33,33,76,33,173,35,35,35,35,266,266,266,35,35,35,266,10,10,22,22,22,22,22,22,22,1,135,22,33,22,266,22,182,34,34,35,15,55,43,16,60,42,11,54,43,110,173,145,89,152,110,257,258,256,169,1,1,1,1,1,1,1,1,1,1,1,1,1,1,1,1,1,1,1,1,1,1,1,1,1,1,1,1,1,1,1,1,1,1,1,1,1,1,1,1,1,1,1,1,1,1,1,1,1,1,1,1,1,1,1,1,1,1,245,108,108,95,29,29,29,29,266,266,266,266,60,246,250,250,266,249,250,250,246,63,251,251,49,234,251,251,244,250,250,243,242,241,243,242,241,243,242,241,240,240,266,69,50,266,266,1,266,35,35,35,1,1,257,266,266,266,59,76,266,254,263,202,258,261,261,261,261,261,261,260,260,72,136
2002,255,1,134,136,1,1,1,103,151,5,165,266,266,266,166,170,262,263,265,266,266,265,265,167,260,262,264,246,248,33,33,33,6,261,266,261,259,33,33,68,33,33,33,33,33,255,78,78,78,265,261,8,124,27,97,27,120,116,111,127,43,266,266,8,8,8,33,33,76,33,175,35,35,35,35,266,266,266,35,35,35,266,10,10,22,22,22,22,22,22,22,1,133,22,33,22,265,22,180,33,33,34,13,53,41,13,59,41,9,52,41,108,173,145,89,151,110,257,258,256,174,1,1,1,1,1,1,1,1,1,1,1,1,1,1,1,1,1,1,1,1,1,1,1,1,1,1,1,1,1,1,1,1,1,1,1,1,1,1,1,1,1,1,1,1,1,1,1,1,1,1,1,1,1,1,1,1,1,1,247,108,108,95,29,29,29,29,266,266,266,266,60,243,246,246,266,245,247,247,243,63,247,247,49,230,247,247,241,247,247,231,231,229,231,231,229,231,231,229,229,229,266,74,41,266,266,1,266,35,35,35,1,1,258,266,266,266,51,64,266,256,261,212,259,262,262,262,262,262,263,261,261,72,136
2003,253,1,134,136,1,1,1,103,151,5,160,266,266,266,166,170,256,259,260,265,265,261,261,266,257,258,258,242,244,31,31,31,6,256,266,254,252,31,31,65,31,31,31,31,31,246,61,61,61,261,256,8,127,27,79,27,120,116,111,127,43,266,266,8,8,8,33,33,76,33,169,35,35,35,35,266,266,266,35,35,35,266,10,10,22,22,22,22,22,22,22,1,132,22,33,22,265,22,179,31,31,31,13,53,41,14,59,41,9,52,41,108,173,145,89,151,110,256,258,256,174,1,1,1,1,1,1,1,1,1,1,1,1,1,1,1,1,1,1,1,1,1,1,1,1,1,1,1,1,1,1,1,1,1,1,1,1,1,1,1,1,1,1,1,1,1,1,1,1,1,1,1,1,1,1,1,1,1,1,238,108,108,95,29,29,29,29,266,266,266,266,60,245,248,248,266,247,250,250,243,63,249,249,49,230,250,250,241,250,250,232,232,231,232,232,231,232,232,231,230,230,266,73,39,135,135,1,266,35,35,35,1,1,254,266,266,266,52,70,266,250,260,206,255,257,257,257,258,257,257,256,256,72,136
2004,257,1,134,136,1,1,1,103,151,3,157,266,266,266,166,170,260,237,260,265,265,262,262,266,258,258,256,237,238,31,31,31,3,259,266,257,256,31,31,65,31,31,31,31,31,249,60,60,60,264,258,8,137,27,72,27,120,116,111,127,43,266,266,8,8,8,33,33,77,33,167,35,35,35,35,266,266,266,35,35,35,266,10,10,22,22,22,22,22,22,22,1,132,22,33,22,266,22,135,31,31,31,13,53,41,14,59,41,9,52,41,108,173,145,88,150,110,248,250,247,131,1,1,1,1,1,1,1,1,1,1,1,1,1,1,1,1,1,1,1,1,1,1,1,1,1,1,1,1,1,1,1,1,1,1,1,1,1,1,1,1,1,1,1,1,1,1,1,1,1,1,1,1,1,1,1,1,1,1,224,108,108,95,29,29,29,29,266,266,266,266,60,238,241,241,266,240,244,244,236,63,241,241,49,223,245,245,234,244,244,233,233,227,233,233,227,233,233,227,226,226,266,72,43,116,116,1,266,35,35,35,1,1,256,266,266,266,53,67,266,252,261,204,257,261,261,261,261,261,261,258,258,72,136
2005,246,1,134,136,1,1,1,103,151,4,153,266,266,266,166,170,255,258,240,257,257,242,244,263,252,253,248,225,227,31,31,31,4,255,266,244,245,31,31,66,31,31,31,31,31,239,61,61,61,260,251,7,100,27,63,27,120,116,111,127,41,7,6,7,7,7,33,33,77,33,164,35,35,35,35,266,266,266,35,35,35,266,10,10,22,22,22,22,22,22,22,1,132,22,33,22,265,22,166,31,31,31,12,53,41,9,52,41,9,52,41,103,173,145,88,150,110,241,241,240,162,1,1,1,1,1,1,1,1,1,1,1,1,1,1,1,1,1,1,1,1,1,1,1,1,1,1,1,1,1,1,1,1,1,1,1,1,1,1,1,1,1,1,1,1,1,1,1,1,1,1,1,1,1,1,1,1,1,1,221,108,108,95,29,29,29,29,56,56,56,266,60,233,235,235,266,234,236,236,233,63,235,235,49,219,236,236,231,236,236,214,214,212,214,214,212,214,214,212,209,209,264,73,42,124,124,1,266,35,35,35,1,1,249,33,33,33,54,63,62,247,252,192,255,256,257,258,256,256,256,251,251,72,136
2006,221,1,134,136,1,1,1,102,151,3,138,266,266,266,166,170,236,259,220,250,250,224,222,260,255,257,235,208,210,31,31,31,3,255,266,222,220,31,31,67,31,31,31,31,31,211,64,64,64,262,254,7,98,26,58,26,120,116,111,128,41,266,266,8,8,8,33,33,78,33,162,35,35,35,35,266,266,266,35,35,35,266,10,10,22,22,22,22,22,22,22,1,131,22,33,22,266,22,172,31,31,31,9,51,40,8,51,40,8,51,40,102,173,144,87,149,109,233,233,232,167,1,1,1,1,1,1,1,1,1,1,1,1,1,1,1,1,1,1,1,1,1,1,1,1,1,1,1,1,1,1,1,1,1,1,1,1,1,1,1,1,1,1,1,1,1,1,1,1,1,1,1,1,1,1,1,1,1,1,205,108,108,95,29,29,29,29,266,266,266,266,60,223,226,226,266,225,226,226,222,63,225,225,49,210,226,226,222,226,226,227,227,227,227,227,227,227,227,227,225,225,262,71,36,115,115,1,266,35,35,35,1,1,250,266,266,266,50,69,266,245,241,188,255,255,255,255,255,255,255,252,251,72,136
2007,251,1,134,136,1,1,1,103,151,4,156,266,266,266,166,170,250,255,246,257,257,252,252,256,257,258,255,231,234,31,31,31,4,255,266,248,246,31,31,66,31,31,31,31,31,239,63,63,63,266,254,7,115,26,49,26,120,116,111,127,41,266,266,8,8,8,33,33,78,33,167,35,35,35,35,266,266,266,35,35,35,266,10,10,22,22,22,22,22,22,22,1,131,22,33,22,265,22,165,31,31,31,8,51,40,8,51,40,7,51,40,103,173,144,87,149,109,226,227,226,158,1,1,1,1,1,1,1,1,1,1,1,1,1,1,1,1,1,1,1,1,1,1,1,1,1,1,1,1,1,1,1,1,1,1,1,1,1,1,1,1,1,1,1,1,1,1,1,1,1,1,1,1,1,1,1,1,1,1,219,108,108,95,29,29,29,29,266,266,266,266,60,236,238,238,266,237,241,241,235,63,237,237,49,222,241,241,234,241,241,225,225,225,225,225,225,225,225,225,223,223,263,68,38,89,89,1,266,35,35,35,1,1,252,266,266,266,56,63,266,243,253,195,254,256,256,257,256,256,257,253,253,72,136
2008,257,1,134,136,1,1,1,103,151,4,158,266,266,266,166,170,256,245,251,260,260,255,255,242,260,261,251,239,243,31,31,31,4,257,266,256,256,31,31,64,31,31,31,31,31,243,62,62,62,263,256,7,121,26,45,26,120,116,111,127,41,266,266,8,8,8,33,33,78,33,165,35,35,35,35,266,266,266,35,35,35,266,10,10,22,22,22,22,22,22,22,1,130,22,33,22,265,22,146,31,31,31,7,51,40,9,52,40,7,51,40,104,174,144,87,149,109,212,216,215,134,1,1,1,1,1,1,1,1,1,1,1,1,1,1,1,1,1,1,1,1,1,1,1,1,1,1,1,1,1,1,1,1,1,1,1,1,1,1,1,1,1,1,1,1,1,1,1,1,1,1,1,1,1,1,1,1,1,1,232,108,108,95,29,29,29,29,266,266,266,266,60,241,243,243,266,242,247,247,240,63,243,243,49,227,246,246,238,246,246,226,226,227,227,227,228,227,227,228,225,225,262,65,37,101,101,1,265,35,35,35,1,1,253,266,266,266,50,58,266,247,256,200,255,258,258,258,259,258,258,257,257,72,136
2009,253,1,134,136,1,1,1,102,151,4,160,266,266,266,166,170,253,252,248,258,258,253,253,227,257,258,255,235,236,31,31,31,4,257,266,253,252,31,31,64,31,31,31,31,31,245,65,65,65,265,252,7,107,26,42,26,120,116,111,128,41,266,266,8,8,8,33,33,78,33,163,35,35,35,35,266,266,266,35,35,35,266,10,10,22,22,22,22,22,22,22,1,130,22,33,22,263,22,143,31,31,31,6,49,38,7,50,38,6,49,38,103,174,144,87,149,109,205,208,209,136,1,1,1,1,1,1,1,1,1,1,1,1,1,1,1,1,1,1,1,1,1,1,1,1,1,1,1,1,1,1,1,1,1,1,1,1,1,1,1,1,1,1,1,1,1,1,1,1,1,1,1,1,1,1,1,1,1,1,235,108,108,95,29,29,29,29,266,266,266,266,60,238,242,242,266,237,242,242,234,63,238,238,49,222,241,241,235,242,242,220,220,219,220,220,219,220,220,219,217,217,262,62,37,95,95,1,264,35,35,35,1,1,251,266,266,266,47,56,266,251,253,193,255,258,258,258,258,258,258,255,255,72,136
2010,234,1,132,134,1,1,1,102,152,3,102,35,35,35,164,168,231,253,193,256,256,238,238,216,256,258,219,193,204,30,30,30,4,252,266,232,236,30,30,63,30,30,30,30,30,202,64,64,64,263,255,7,95,26,40,26,115,111,106,126,39,3,3,8,8,8,33,33,78,33,160,35,35,35,35,266,266,266,35,35,35,266,10,10,22,22,22,22,22,22,22,1,130,22,33,22,253,22,111,30,30,30,6,49,38,7,50,38,6,49,38,103,174,144,87,149,109,189,193,195,100,1,1,1,1,1,1,1,1,1,1,1,1,1,1,1,1,1,1,1,1,1,1,1,1,1,1,1,1,1,1,1,1,1,1,1,1,1,1,1,1,1,1,1,1,1,1,1,1,1,1,1,1,1,1,1,1,1,1,194,103,103,90,29,29,29,29,56,56,56,266,60,226,226,226,266,225,226,226,226,63,226,226,49,213,226,226,224,226,226,208,208,206,208,208,206,208,208,206,204,204,264,60,36,94,94,1,262,35,35,35,1,1,255,31,31,31,43,52,62,207,234,192,252,256,256,256,256,256,256,252,252,69,134
2011,241,1,132,134,1,1,1,102,152,5,159,266,266,266,164,168,249,251,215,257,257,243,243,204,258,259,242,227,227,29,29,29,5,257,13,240,237,29,29,61,29,29,29,29,29,235,63,63,63,264,254,8,106,25,38,25,115,111,106,127,38,266,266,8,8,8,33,33,78,33,154,35,35,35,35,266,266,266,35,35,35,266,10,10,22,22,22,22,22,22,22,1,129,22,33,22,258,22,161,29,29,29,5,48,37,6,49,37,5,48,37,103,173,144,87,149,109,171,176,178,153,1,1,1,1,1,1,1,1,1,1,1,1,1,1,1,1,1,1,1,1,1,1,1,1,1,1,1,1,1,1,1,1,1,1,1,1,1,1,1,1,1,1,1,1,1,1,1,1,1,1,1,1,1,1,1,1,1,1,231,103,103,90,29,29,29,29,266,266,266,266,60,234,234,234,266,233,239,239,232,63,233,233,49,219,239,239,231,239,239,229,228,227,229,228,227,229,228,227,224,224,263,56,34,92,92,1,254,35,35,35,1,1,254,266,266,266,42,54,266,234,251,195,257,257,257,257,257,257,257,253,253,69,134
2012,240,1,132,134,1,1,1,102,152,4,154,266,266,266,164,168,249,259,225,248,248,240,240,251,246,248,245,230,232,30,30,30,4,252,266,241,237,30,30,60,30,30,30,30,30,233,64,64,64,262,249,6,120,25,38,25,115,111,106,125,38,266,266,8,8,8,33,33,78,33,163,35,35,35,35,266,266,266,35,35,35,266,10,10,22,22,22,22,22,22,22,1,129,22,33,22,245,22,162,30,30,30,5,48,37,6,49,37,5,48,37,103,173,144,87,149,109,164,167,169,152,1,1,1,1,1,1,1,1,1,1,1,1,1,1,1,1,1,1,1,1,1,1,1,1,1,1,1,1,1,1,1,1,1,1,1,1,1,1,1,1,1,1,1,1,1,1,1,1,1,1,1,1,1,1,1,1,1,1,224,103,103,90,29,29,29,29,266,266,266,266,60,226,227,227,266,225,226,226,224,63,225,225,49,211,226,226,223,226,226,223,224,223,223,224,223,223,224,223,220,220,231,59,34,91,91,1,247,35,35,35,1,1,249,266,266,266,44,58,266,238,252,198,252,252,253,253,252,252,253,243,243,69,134
2013,247,1,132,134,1,1,1,102,152,5,158,266,266,266,164,168,251,260,240,252,252,245,245,258,258,259,248,237,238,31,31,31,5,254,266,248,245,31,31,63,31,31,31,31,31,242,61,61,61,261,252,8,126,25,36,25,115,111,106,126,38,266,266,8,8,8,33,33,78,33,166,29,35,35,35,266,266,266,35,35,35,266,10,10,22,22,22,22,22,22,22,1,129,22,33,22,263,22,138,31,31,31,5,48,37,6,49,37,5,48,37,103,173,144,87,148,109,158,163,164,154,1,1,1,1,1,1,1,1,1,1,1,1,1,1,1,1,1,1,1,1,1,1,1,1,1,1,1,1,1,1,1,1,1,1,1,1,1,1,1,1,1,1,1,1,1,1,1,1,1,1,1,1,1,1,1,1,1,1,236,103,103,90,29,29,29,29,266,266,266,266,60,236,238,238,266,238,241,241,237,63,238,238,48,224,239,239,235,239,239,228,228,228,228,228,228,228,228,228,223,223,259,56,31,89,89,1,225,35,35,35,1,1,251,266,266,266,50,51,266,245,255,195,254,254,254,254,254,254,254,251,251,69,134
2014,234,1,132,134,1,1,1,102,152,3,148,266,266,266,164,168,249,263,200,252,252,235,235,251,257,258,239,219,221,31,31,31,3,256,266,236,232,31,31,59,31,31,31,31,31,228,64,64,64,260,254,8,125,25,35,25,115,111,106,125,38,266,266,8,8,8,33,33,78,33,168,35,35,35,35,266,266,266,35,35,35,266,11,11,22,22,22,22,22,22,22,1,129,22,33,22,230,22,131,31,31,31,4,48,37,6,49,37,4,48,37,103,173,144,86,148,109,151,156,157,152,1,1,1,1,1,1,1,1,1,1,1,1,1,1,1,1,1,1,1,1,1,1,1,1,1,1,1,1,1,1,1,1,1,1,1,1,1,1,1,1,1,1,1,1,1,1,1,1,1,1,1,1,1,1,1,1,1,1,224,103,103,90,29,29,29,29,266,266,266,254,60,219,222,222,254,219,223,223,217,62,219,219,48,205,222,222,217,222,222,226,226,222,227,227,223,227,227,223,221,221,254,52,31,88,88,1,150,35,35,35,1,1,254,266,266,266,48,61,266,226,251,201,256,256,256,256,256,256,256,251,250,69,134
2015,251,1,132,134,1,1,1,102,152,4,165,35,35,35,164,168,255,262,246,255,255,249,249,213,265,266,246,238,239,31,31,31,4,258,266,252,251,31,31,56,31,31,31,31,31,251,65,65,65,262,254,7,129,25,34,25,115,111,106,125,38,4,3,8,8,8,33,33,78,33,183,35,35,35,35,266,266,266,35,35,35,266,14,14,22,22,22,22,22,22,22,1,129,22,33,22,241,22,135,31,31,31,6,49,37,5,49,36,4,48,37,102,173,144,86,148,109,148,154,155,154,1,1,1,1,1,1,1,1,1,1,1,1,1,1,1,1,1,1,1,1,1,1,1,1,1,1,1,1,1,1,1,1,1,1,1,1,1,1,1,1,1,1,1,1,1,1,1,1,1,1,1,1,1,1,1,1,1,1,242,103,103,90,29,29,29,29,56,56,56,142,60,235,238,238,142,235,241,241,236,62,239,239,48,223,241,241,234,241,241,210,210,208,210,210,208,210,210,208,202,202,258,51,34,88,88,1,181,35,35,35,1,1,254,31,31,31,48,59,62,241,251,199,259,258,258,258,258,258,258,253,253,69,134
2016,246,1,132,134,1,1,1,102,152,3,167,266,266,266,164,168,250,260,245,252,252,249,249,219,266,266,247,231,231,32,32,32,3,254,266,247,241,32,32,57,32,32,32,32,32,241,61,61,61,261,250,8,135,25,34,25,115,111,106,125,38,266,266,8,8,8,33,33,78,33,197,32,35,35,35,266,266,266,35,35,35,266,14,14,22,22,22,22,22,22,22,1,129,22,33,22,253,22,140,32,32,32,6,48,36,4,48,36,4,47,36,101,172,144,85,147,108,151,155,156,152,1,1,1,1,1,1,1,1,1,1,1,1,1,1,1,1,1,1,1,1,1,1,1,1,1,1,1,1,1,1,1,1,1,1,1,1,1,1,1,1,1,1,1,1,1,1,1,1,1,1,1,1,1,1,1,1,1,1,238,103,103,90,29,29,29,29,266,266,266,142,60,232,233,233,142,233,239,239,231,62,233,233,48,218,238,238,231,238,238,221,221,217,221,221,217,221,221,217,214,214,252,51,37,90,90,1,233,35,35,35,1,1,248,266,266,266,43,52,266,235,250,199,254,254,254,254,254,254,254,248,248,69,134
2017,255,1,132,134,1,1,1,102,153,4,172,266,266,266,164,168,257,266,207,254,254,252,252,253,266,266,254,238,239,31,31,31,4,259,266,253,252,31,31,56,31,31,31,31,31,247,58,58,58,263,255,8,139,25,33,25,115,111,106,125,38,266,266,8,8,8,33,33,78,33,229,35,35,35,35,266,266,266,35,35,35,266,15,15,22,22,22,22,22,22,22,1,129,22,33,22,264,22,137,31,31,31,12,52,37,7,50,37,7,49,37,101,172,144,86,147,109,142,145,146,146,1,1,1,1,1,1,1,1,1,1,1,1,1,1,1,1,1,1,1,1,1,1,1,1,1,1,1,1,1,1,1,1,1,1,1,1,1,1,1,1,1,1,1,1,1,1,1,1,1,1,1,1,1,1,1,1,1,1,246,103,103,90,29,29,29,29,266,266,266,128,60,236,239,239,128,238,244,244,238,62,240,240,48,226,244,244,236,244,244,223,223,218,223,223,218,223,223,218,212,212,259,51,36,90,90,1,255,35,35,35,1,1,255,266,266,266,42,50,62,240,254,196,259,259,260,260,259,259,259,254,253,69,134
2018,232,1,132,134,1,1,1,104,153,3,173,266,266,266,164,168,255,266,198,237,237,241,241,266,266,266,232,225,226,31,31,31,3,248,266,235,238,31,31,60,31,31,31,31,31,231,57,57,57,260,252,8,225,25,33,25,115,111,106,126,38,266,266,9,9,9,33,33,78,33,252,35,35,35,35,266,266,266,35,35,35,266,15,15,22,22,22,22,22,22,22,1,130,22,33,22,265,22,111,31,31,31,19,54,39,13,51,39,14,51,39,102,172,144,86,147,109,144,147,148,131,1,1,1,1,1,1,1,1,1,1,1,1,1,1,1,1,1,1,1,1,1,1,1,1,1,1,1,1,1,1,1,1,1,1,1,1,1,1,1,1,1,1,1,1,1,1,1,1,1,1,1,1,1,1,1,1,1,1,232,103,103,90,29,29,29,29,56,56,56,121,60,224,226,226,121,223,229,229,223,62,224,224,48,210,228,228,222,229,229,230,229,222,230,229,222,230,229,222,215,215,266,51,34,88,88,1,247,35,35,35,1,1,250,266,266,266,43,56,266,229,250,193,246,254,254,254,254,254,255,237,237,69,134
2019,248,1,133,135,1,1,1,106,153,3,141,35,35,35,164,168,252,266,243,231,231,246,246,266,266,266,254,210,211,33,33,33,3,264,266,250,249,32,33,66,32,32,33,33,33,217,59,59,59,260,261,8,258,25,30,25,116,112,107,125,38,266,266,9,9,9,33,33,78,33,266,35,35,35,35,35,35,35,35,35,35,35,16,16,22,22,22,22,22,22,22,1,129,22,33,22,266,22,131,33,33,33,23,58,42,14,53,41,16,54,41,102,172,144,87,147,109,145,148,149,122,1,1,1,1,1,1,1,1,1,1,1,1,1,1,1,1,1,1,1,1,1,1,1,1,1,1,1,1,1,1,1,1,1,1,1,1,1,1,1,1,1,1,1,1,1,1,1,1,1,1,1,1,1,1,1,1,1,1,212,103,103,90,29,29,29,29,56,56,56,115,60,224,225,225,115,224,232,232,224,62,225,225,48,211,232,232,223,232,232,233,233,228,233,233,228,233,233,228,221,222,266,54,34,92,92,1,266,35,35,35,1,1,261,31,31,31,46,56,62,223,246,196,264,264,264,264,264,264,264,245,245,69,135
2020,258,1,134,136,1,1,1,108,153,4,224,266,266,266,165,169,262,266,245,228,228,256,256,266,266,266,265,246,246,33,33,33,4,263,266,256,256,32,33,66,32,32,33,33,33,260,58,58,58,263,262,7,266,25,30,25,119,115,109,133,38,266,266,9,9,9,33,33,78,33,266,266,266,266,266,266,266,266,266,266,266,266,26,26,22,22,22,22,22,22,22,1,129,22,33,22,266,22,185,33,33,33,25,59,42,17,54,43,19,56,42,102,172,145,88,147,109,149,152,153,176,1,1,1,1,1,1,1,1,1,1,1,1,1,1,1,1,1,1,1,1,1,1,1,1,1,1,1,1,1,1,1,1,1,1,1,1,1,1,1,1,1,1,1,1,1,1,1,1,1,1,1,1,1,1,1,1,1,1,252,106,106,93,266,266,266,266,56,56,56,120,60,243,244,244,121,243,247,247,243,62,244,244,47,230,247,247,242,247,247,250,250,249,251,251,250,251,251,250,245,245,266,55,34,93,93,1,266,266,266,266,1,1,262,266,266,266,45,58,266,246,260,198,263,263,263,263,263,263,263,254,254,71,136
2021,264,1,135,137,1,1,1,119,155,5,260,266,266,266,165,170,261,266,261,262,262,262,262,266,266,266,266,259,259,245,244,246,5,263,6,261,259,256,255,256,255,257,255,255,257,266,256,256,258,263,259,8,266,25,29,25,121,117,111,144,38,266,266,9,9,9,266,266,266,266,266,266,266,266,266,266,266,266,266,266,266,266,44,44,22,22,22,22,22,22,22,1,129,22,266,22,266,22,226,255,255,246,27,61,44,20,55,44,22,58,44,104,173,146,88,147,109,156,158,159,217,1,1,1,1,1,1,1,1,1,1,1,1,1,1,1,1,1,1,1,1,1,1,1,1,1,1,1,1,1,1,1,1,1,1,1,1,1,1,1,1,1,1,1,1,1,1,1,1,1,1,1,1,1,1,1,1,1,1,260,108,108,95,266,266,266,266,266,266,266,118,60,250,250,250,118,249,251,251,249,62,249,249,47,236,251,251,248,251,251,255,255,253,255,255,253,255,255,253,250,250,266,54,31,265,265,1,266,266,266,266,1,1,259,266,266,266,45,63,62,259,261,199,263,263,263,263,263,263,263,261,260,65,137
2022,266,266,266,266,1,1,1,266,266,266,266,266,266,266,266,266,266,266,232,266,266,266,266,266,266,266,266,266,266,266,266,266,266,266,266,266,266,266,266,266,266,266,266,266,266,266,266,266,266,264,266,266,266,25,29,25,266,266,266,265,38,266,266,266,266,266,266,266,266,266,266,266,266,266,266,266,266,266,266,266,266,266,265,265,266,266,266,266,266,266,266,1,129,266,266,266,266,266,266,266,266,266,34,65,49,24,57,46,27,61,49,108,174,147,90,147,110,161,161,163,266,1,1,1,1,1,1,1,1,1,1,1,1,1,1,1,1,1,1,1,1,1,1,1,1,1,1,1,1,1,1,1,1,1,1,1,1,1,1,1,1,1,1,1,1,1,1,1,1,1,1,1,1,2,1,1,1,1,1,266,266,266,266,266,266,266,266,266,266,266,266,60,261,261,261,266,245,261,261,258,62,258,258,266,245,258,258,245,261,261,266,266,266,266,266,266,266,266,266,266,266,266,55,31,265,265,264,266,266,266,266,264,264,266,266,266,266,48,266,266,266,266,199,266,266,266,266,266,266,266,266,266,266,266
2023,266,266,266,266,266,266,266,266,266,266,266,266,266,266,266,266,266,266,266,266,266,266,266,266,266,266,266,266,266,266,266,266,266,266,266,266,266,266,266,266,266,266,266,266,266,266,266,266,266,266,266,266,266,266,266,266,266,266,266,266,266,266,266,266,266,266,266,266,266,266,266,266,266,266,266,266,266,266,266,266,266,266,266,266,266,266,266,266,266,266,266,1,266,266,266,266,266,266,266,266,266,266,266,266,266,266,266,266,266,266,266,266,266,266,266,266,266,266,266,266,266,266,266,266,266,266,266,266,266,266,266,266,266,266,266,266,266,266,266,266,266,266,266,266,266,266,266,266,266,266,266,266,266,266,266,266,266,266,266,266,266,266,266,266,266,266,266,266,266,266,266,266,266,266,266,266,266,266,266,266,266,266,266,266,266,266,266,266,266,266,266,266,266,266,266,266,266,266,266,266,266,266,266,266,266,266,266,266,266,266,266,266,266,266,266,266,266,266,266,266,266,266,266,266,266,266,266,266,266,266,266,266,266,266,266,266,266,266,266,266,266,266,266,266,266,266,266,266,266,266,266,266,266,266
